pid,image
1,https://rimage.gnst.jp/gurutabi.gnavi.co.jp/image/public/img/article/df/b6/art002291/article_art002291_3.jpg?20200814155300&rw=600
2,https://skyticket.jp/guide/wp-content/uploads/pixta_9012114_M-e1557803509764.jpg
3,https://清水寺-御朱印.jinja-tera-gosyuin-meguri.com/wp-content/uploads/2017/07/%E4%B8%89%E5%B9%B4%E5%9D%821.jpg
4,https://lh3.googleusercontent.com/proxy/qLoCXvsPzHqUnSq324Q6lnc1_RcRCgZjmQ2sBGY2RDrZ6zs3CbeSy739qRydhaean7IV0DxU3GDfCaSsJhymRCvU9_gflxRISPHZJJ7UUevQvJALcp-LmA
5,https://static.amanaimages.com/imgroom/cen3tzG4fTr7Gtw1PoeRer/26121/26121031242.jpg
6,https://inariage.com/history/nijojo.jpg
7,https://fnn.ismcdn.jp/mwimgs/6/1/1200wm/img_616050b84dbc9ed985f82a92e749a99698170.jpg
8,https://caede-kyoto.com/wp/wp-content/uploads/2019/03/%E9%8A%80%E9%96%A3%E5%AF%BA%E3%81%AE%E5%86%AC%E6%99%AF%E8%89%B2.jpg
9,https://media-cdn.tripadvisor.com/media/photo-s/09/9b/d1/df/teramachi-street.jpg
10,https://img.travel.rakuten.co.jp/mytrip/content/howto/fushimiinari-guide/images/58.jpg
11,https://i2.wp.com/japantemple.com/wp-content/uploads/2015/07/f0181746_10303533.jpg?fit=1268%2C951
12,https://cdn.zekkei-japan.jp/images/spots/ac4b2a750573a18c414486ccd4b5fa8f.jpg
13,https://金閣寺-御朱印.jinja-tera-gosyuin-meguri.com/wp-content/uploads/2019/06/%E6%96%B9%E4%B8%88%EF%BC%88%E6%9C%AC%E5%A0%82%EF%BC%89.jpg
14,https://cdn.zekkei-japan.jp/images/spots/93683461af3e85a92cad8712138efbd1.jpg
15,https://storage.googleapis.com/storage-omatsurijapan-com/articleimg/2020/06/1500MIKA7064-1200x802.jpg
16,https://www.kyotojapantravelmap.jp/wp-content/uploads/2016/10/hankyu-arashiyamasta-tenryuji01.jpg
17,https://lh3.googleusercontent.com/proxy/Klpp-W7M8utxDcbqj5pYoDJg076X4bR3Mo1q8yhMH532zWK52s4b4ZqCScZHh2iw_mguFWar72O-XMdrI_RuMwfqqTFXZE2ntE4x
18,https://encrypted-tbn0.gstatic.com/images?q=tbn:ANd9GcScFYjbEynaP9jkNcmtQKmaC9qum60H7jDdPA&usqp=CAU
19,https://ms-cache.walkerplus.com/walkertouch/wtd/event/95/l2/373495.jpg
20,https://www.kyoto-kawaramachi.or.jp/wp-content/uploads/01_oudan-1400x700.jpg
21,https://tabicoffret.com/assets_c/2020/02/b0be55c45af6704c37234400ff6b607e-thumb-700xauto-157197.jpg
22,https://cdn.jalan.jp/jalan/img/6/kuchikomi/0236/KXL/13ca0_0000236770.JPG
23,https://stat.ameba.jp/user_images/20180923/11/tks129/7c/a9/j/o0500037414271154794.jpg?caw=800
24,https://visual.information.jp/Images/2010/20100117_IMG_C7281L.jpg
25,https://cdn.my-fav.jp/event/5/8475/4/17.jpg
26,https://dsimg.wowjpn.goo.ne.jp/rs/?src=https://wow-j.com/images/ext/allguides/01620/01620_001.jpg&maxw=750&maxh=0&resize=1
27,https://ja.kyoto.travel/resource/tourism/sight/photo/shise07A/A048.jpg
28,https://www.nippon.com/en/ncommon/contents/guide-to-japan/129624/129624.jpg
29,https://www.travelcaffeine.com/wp-content/uploads/2017/06/tijo-temple-kyoto-japan-pagoda.jpg
30,https://media-assets.aumo.jp/uploads/photo/upload_photo/data/15871/large_c3802fa0-4006-4c3c-a215-f95cbb3dd3da.jpeg
31,https://icotto.k-img.com/system/press_eye_catches/000/011/316/2c3c183c54ee07c51e42701ffeff7f795e0acfd9.jpeg?1536039450
32,https://www.japan-guide.com/g18/3905_04.jpg
33,https://cdn.4travel.jp/img/tcs/t/pict/src/18/74/72/src_18747262.jpg?1281578589
34,https://blog-imgs-97.fc2.com/h/a/n/hanashiori2017/blog_import_5ab7aafc5ba1b.jpg
35,https://travel.mar-ker.com/wp-content/images/sites/6/2016/07/path-of-philosophy.jpg
36,https://cdn.4travel.jp/img/tcs/t/album/src/11/20/93/src_11209399.jpg?updated_at=1485215836
37,https://tabi-mag.jp/wp-content/uploads/KY041901.jpg
38,https://img-cdn.guide.travel.co.jp/article/92/20131211212125/646EC47A5D1949F8998EE11005C5A1DF_LL.jpg
39,https://www.shinobu-corp.co.jp/news/wp-content/uploads/2019/03/img_5824.jpg
40,https://www.higashihonganji.or.jp/wordpress/wp-content/uploads/2019/05/%E5%BE%A1%E5%BD%B1%E5%A0%82_03.jpg
41,https://s3-ap-northeast-1.amazonaws.com/thegate/2020/10/26/14/25/24/Arashiyama_Park.jpg
42,https://www.fashion-press.net/img/news/67453/3Tw.jpg
43,https://www.jalan.net/news/img/2020/03/20200325_kodaiji_06.jpg
44,https://cdn.4travel.jp/img/thumbnails/imk/travelogue_pict/23/12/54/650x_23125482.jpg?updated_at=1315709431
45,https://okazaki-kanko.jp/image/rendering/feature_paragraph_image/1461/trim.1024/3/2?v=d68fef663795c442b4a716147147bc5f528ac23f
46,https://lh3.googleusercontent.com/proxy/KPdA2Z0tFPHz2SLyUwOkHNrbMFpLsYJgjopf65IQ8l05edvCsJYGVxr_RsvrhAUeyt2YzOj-eKWmTpl_mKjOsIsxst9Pq48fRlZMWAKptMh7TkH-B966Y7c27ANV46OPml3ExNRLOupUXqkL-p-FcA
47,https://www.japan-guide.com/g18/3930_03.jpg
48,https://dol.ismcdn.jp/mwimgs/b/7/670m/img_b715d21b742ed8e02bce92d15537125b669905.jpg
49,https://travel.navitime.com/ja/m/kanko/wp-content/uploads/article_paragraph_dir/2329/body_1.jpg
50,https://www.kenninji.jp/img/animate/cut08bg.jpg
51,https://lh3.googleusercontent.com/proxy/19TgYnswJ-e-YDisuyX_nGiJsA1SoRf8p5Hh-kvBCVKbjQFGhf0FDCXlGx975TX07tVpd3jszqsNikRMnBAgaQOrNZW_-kl6
52,https://www.shimogamo-jinja.or.jp/common/img/top/mv.jpg
53,https://s3-ap-northeast-1.amazonaws.com/prod-rooms/realestates/0000/0000001/0000001000/0000001000376/0000001000376333/619a896a-260b-479b-96d8-a4448ae01776-P1.jpg
54,https://tripeditor.com/wp-content/uploads/2020/07/06175804/shutterstock_1423362881.jpg
55,https://www.museum.or.jp/storage/old/imdb/file/museum/00015040/00015040.jpg
56,https://caede-kyoto.com/wp/wp-content/uploads/2018/09/%E3%81%AD%E3%81%AD%E3%81%AE%E9%81%93.jpg
57,https://resources.matcha-jp.com/resize/720x2000/2018/11/09-66060.png
58,https://tabi-mag.jp/wp-content/uploads/KY046101.jpg
59,https://next.jorudan.co.jp/trv/images/640/17369.jpg
60,https://chano-yu.com/product_images/uploaded_images/daitokuji-sanmon-kinmokaku.jpg
61,https://cdn.4travel.jp/img/tcs/t/album/src/11/42/71/src_11427183.jpg?updated_at=1543393217
62,https://cdn.my-fav.jp/spot/5/70825/1/17.jpg
63,https://ritsumeikanunivpress.com/wp-content/uploads/2020/04/Ritsumeikan_Suzaku_Campus-scaled.jpeg
64,https://lh3.googleusercontent.com/proxy/UHuHoTMinwnGbf1v8J8Q2B0lTaBH9JGLs7wJolGqcjYaIQQsmSJTmzlMjHyKegcoOKQv6Sb3Sdsk5pnbSixODntSiVAPjMR5m1ohd3hg
65,https://upload.wikimedia.org/wikipedia/commons/7/7e/Myoshinji-M9707.jpg
66,https://d3hg7snzn13jf0.cloudfront.net/files/kanko/894/894--c24b4712b73bbf7ff5266fdb731ec95f.jpg
67,https://svcstrg2.navitime.jp/curation/img/NTJmat0507/mat0507_3.jpg
68,https://cdn.zekkei-japan.jp/images/spots/8d1ab875c859ddfd0d22d0ae408f95d1.jpg
69,https://lh3.googleusercontent.com/proxy/qDCYk7SI0wgya6Smmz_L6o6sn9vYlK2vf8-D-yv-xr1PMu-w-ZBz8QeBMxFFS3-6YUL-0RcGLnnl-pIiEEmnrDwOd3O0Xw
70,https://www.shin.gr.jp/member/koshoji/img/photo.jpg
71,https://lh3.googleusercontent.com/proxy/xfiKSqzHQjTxmX_lNNZD78J74U9gEoDlIxHEv0pW3tffOzN57qdX38_Bllr4usv4wldj0X2jk1aFcWhL1btHWDD9Xx2A_goEq09bcXo
72,https://chisan.or.jp/wp-content/uploads/2019/11/user-imgD-image-worship-img_wo10a.jpg
73,https://lh3.googleusercontent.com/proxy/I0zS6TMG-WG6fIRXyQNSX599OpU3Yoyzf1u8Bmz9BixSv5J3v0S7KUrydHgi7FAMd08bE36HVgy7_aRLltFfmWeVAg
74,https://rimage.gnst.jp/livejapan.com/public/img/spot/lj/00/09/lj0009596/lj0009596_5cabf1b130c0b_main.jpg?20200809050057&q=80
75,https://micro.rohm.com/en/rohm-saijiki/arashiyama/recomend/images/photo_hourinji01_b.jpg
76,https://www.leafkyoto.net/blog/kyonikki/old/images/itosakura1215-thumb.jpg
77,https://media-cdn.tripadvisor.com/media/photo-s/06/f7/0b/47/caption.jpg
78,https://livingnomads.com/wp-content/uploads/2016/08/Kamigamo-Jinja-Shrine-Kyoto-temples-Japan-1.jpg
79,https://i.gzn.jp/img/2016/04/20/kyoto-aquarium-renewal/00.jpg
80,https://www.ilovekyoto.com/wp-content/uploads/2016/11/chishakuin-image-5.jpg
81,https://www.cyber-world.jp.net/wp-content/uploads/2016/04/kiyamachi_dori-05.jpg
82,https://lh3.googleusercontent.com/proxy/-eJLHEIm9SHCNmgWwLZw-w4vHz2mDM7NUcdVO5M7px8azhYtk3NfDO1jjSt6ZM-ND9jIcunzwljT-hVTsfcsqiA65SORCO9m
83,https://lh3.googleusercontent.com/proxy/SNQDEgsuYYJM2iv8oscqerFeWCd6xW4YTuWHSmH5P_f_BoKJg7iIfgdzu9BDRYUCdhWxVqeIPj8npSJONJdZRNwxeS8fo6A23BvDnHtrkwcMyPr86fCJfDLtU3HeX6PtfwzGgTJ9BlO4V5dkRtCxng
84,https://project.nikkeibp.co.jp/atclppp/PPP/news/052501564/F3.jpg
85,https://encrypted-tbn0.gstatic.com/images?q=tbn:ANd9GcQnB57lS6TTuQqlsRGDK9Mc0l1Wq_Xyv5jwVQ&usqp=CAU
86,https://www.japanvisitor.com/images/content_images/kongoji-temple-1.jpg
87,https://meishomeguru.com/wp-content/uploads/kyoto/kyotoryozen/kyotoryozen-1.jpg
88,https://media-cdn.tripadvisor.com/media/photo-s/0e/66/6c/9a/caption.jpg
89,https://www.jtb.co.jp/kando/assets/img336_1.jpg
90,https://www.shokoku-ji.jp/wp-content/themes/shokokuji/assets/img/shokokuji/about/imgSlide04@2x.jpg
91,https://www.love-wife-life.com/wp-content/uploads/2017/01/s-IMG_6030.jpg
92,https://hozugawa.cocolog-nifty.com/photos/uncategorized/2009/04/09/dsc_0028.jpg
93,https://encrypted-tbn0.gstatic.com/images?q=tbn:ANd9GcT6cgbzMxlIGUwu5hMIZWjn1MgDYLRIh83q4g&usqp=CAU
94,https://kyoto-artbox.jp/wp-content/uploads/42c72b99b1533669253983846cd524be.jpg
95,https://funjapo.com/wordpress/wp-content/uploads/2018/02/ishibekouji02.jpg
96,https://www.kyoto-hatoya.jp/blog/wp-content/uploads/2020/08/temple__photo.jpg
97,https://rcreation.jp/wdprs/wp-content/uploads/2018/03/rcreation-VD638.jpg
98,https://lh3.googleusercontent.com/proxy/io7JLN1tuh2JHclSUhRjbx-7hexiaXi5RIU1PzolDYzlAQGyugRa8AYBDRnZMfx1ZPJW2MzubcFx0IMwGVceNQXVJjriTETlNA451hDnKWMCBg7jJiaFbyMFlfENZD2-k8CTlqofeLA
99,https://1000enpark.com/wp-content/uploads/2018/03/00968_001.jpg
100,https://d3bbatwdaufxg9.cloudfront.net/thumb/m/4514/5559/8647/04-20140702_Okouchisansou_Mainspot-278.jpg
101,https://upload.wikimedia.org/wikipedia/ja/thumb/e/e8/%E7%A6%8F%E7%8E%8B%E5%AD%90%E7%A5%9E%E7%A4%BE-01.jpg/1200px-%E7%A6%8F%E7%8E%8B%E5%AD%90%E7%A5%9E%E7%A4%BE-01.jpg
102,https://article-image-ix.nikkei.com/https%3A%2F%2Fimgix-proxy.n8s.jp%2FDSXMZO3415185014082018AC8Z01-2.jpg?w=680&h=452&auto=format%2Ccompress&ch=Width%2CDPR&q=100&fit=crop&ixlib=js-1.4.1&s=ff146c3d0af56046d77c3ee657b658ad
103,https://resources.matcha-jp.com/old_thumbnails/fullsize/236.jpg
104,https://kyoto-design.jp/files/imagecache/d600/spot/kd127_10319-1384153877.jpg
105,https://kyoto.graphic.co.jp/guide/wp-content/uploads/2015/07/sannenzaka_bijutsukan002.jpg
106,https://www.bunpaku.or.jp/wordpress/wp-content/uploads/2014/12/bekkan_header.jpg
107,https://t.pimg.jp/022/300/802/1/22300802.jpg
108,https://caede-kyoto.com/wp/wp-content/uploads/2018/06/kaouin.jpg
109,https://www.higashihonganji.or.jp/shoseien/top_main/images/002.jpg
110,https://funjapo.com/wordpress/wp-content/uploads/2018/02/syugakuinrikyu-810x540.jpg
111,https://lh3.googleusercontent.com/proxy/biUgyYovsOmZRxW3qGbqIf4xXT9XE3ngP34vZ3tuKelcxF-r70tNhRLDdcGASiqIwyEi3R3yWpuSyXIjFdD3tK5oA8vSXrLqa31n
112,https://i.pinimg.com/originals/6a/28/59/6a2859534bff0d641d2238b47c749caa.jpg
113,https://youimg1.tripcdn.com/target/100210000000o87zs53A6_C_750_500.jpg?proc=source%2Ftrip
114,https://cdn.mainichi.jp/vol1/2016/01/21/20160121dd0phj000060000p/91.jpg
115,https://cdn.jalan.jp/jalan/img/6/kuchikomi/4016/KXL/98981_0004016136_2.JPG
116,https://lh3.googleusercontent.com/proxy/TxhYMh7Cssi_yPstJnr2v0Bq-2uCm6N2ptDe1GqH9CFVbKdw9dGOOySehthJ3U3w_EQkWXgIVbMUg5QeZeNrtkCu4kWFdWuvk8U4LQ
117,https://kyotokanko.com/wp-content/uploads/2017/02/hiranoIMG_1160-752x440.jpg
118,https://pds.exblog.jp/pds/1/201211/26/14/a0114714_2361924.jpg
119,https://blog-imgs-44.fc2.com/i/k/n/iknozomi/101103oohara070.jpg
120,https://thumbs.dreamstime.com/z/seiganji-temple-kyoto-japan-november-interior-statue-amida-butsu-november-kyoto-japan-48640011.jpg
121,https://jinja.nagoya/wp-content/uploads/2017/02/wakamiya-hatiman.jpg
122,https://cdn3.railf.jp/img/news/2015/08/150813_ume_2572.jpg
123,https://kyotokanko.com/wp-content/uploads/2017/04/FH030015.jpg
124,https://funjapo.com/wordpress/wp-content/uploads/2018/02/sennyuzi-810x540.jpg
125,https://travel.mar-ker.com/wp-content/images/sites/6/2016/09/hokyoin.jpg
126,
127,https://shinpuhkan.jp/wp-content/themes/ftpa_theme/assets/images/development-concept/cont_img01.jpg
128,https://media-cdn.tripadvisor.com/media/photo-s/0e/dc/70/35/the-bridge.jpg
129,https://encrypted-tbn0.gstatic.com/images?q=tbn:ANd9GcQz6Krdg012wSoCkj_QMjI9NSdw8oW15-rdJQ&usqp=CAU
130,https://img-cdn.guide.travel.co.jp/article/435/31466/A980F1AF122E47A3B662B26F91A9B631_L.jpg
131,https://kyoto-option.com/web/wp-content/uploads/2014/07/5d0c78921ac569163492bd8261207fe8.jpg
132,https://garden-guide.jp/photo/matsunoo/matsunoo00.jpg
133,https://cdn.zekkei-japan.jp/images/spots/217a71beaaa5302466c5b03c885377f7.jpg
134,https://image.walkerplus.com/wpimg/walkertouch/wtd/event/50/n/13150.jpg?x=1920&notupsize=1
135,https://www.kyoto-ga.jp/greenery/kyononiwa/%E6%9B%BC%E6%AE%8A%E9%99%A2%E5%B0%8F%E6%9B%B8%E9%99%A2%E3%81%8B%E3%82%89005.JPG
136,https://tblg.k-img.com/restaurant/images/Rvw/18445/640x640_rect_18445572.jpg
137,https://wondertrip.jp/wp-content/uploads/2016/06/pixta_16756435_M.jpg
138,https://prjtbpublic.blob.core.windows.net/pr-jtb-public/SightImage/SI_80026712_37366.jpg
139,
140,
141,
142,
143,
144,
145,
146,
147,
148,
149,
150,
151,
152,
153,
154,
155,
