image1,image2,image3
https://lh3.googleusercontent.com/proxy/fzCzITfl06BiIzLfHZJBC1iygA74hpTh8TQGg8sxRfdrzf-GE6Hjsp6TntTMo193FDi2KMSQ3YkErdph7KOMfKC2Hnk-luFmMquCwlIjNDe2E74A8cl587Mitm8_IlD2Tm9uZLFxphV8HNoVK8KC3iE_tW-keQPi5w,https://rimage.gnst.jp/gurutabi.gnavi.co.jp/image/public/img/article/df/b6/art002291/article_art002291_3.jpg?20200814155300&rw=600,https://rimage.gnst.jp/gurutabi.gnavi.co.jp/image/public/img/article/df/b6/art002291/article_art002291_3.jpg?20200814155300&rw=600
https://rimage.gnst.jp/livejapan.com/public/article/detail/a/20/00/a2000540/img/basic/a2000540_main.jpg?20200917175759&q=80&rw=750&rh=536,https://skyticket.jp/guide/wp-content/uploads/pixta_9012114_M-e1557803509764.jpg,https://usrimg.locoplace.biz/releaseimg/t100120684/photo_image1
https://s3-ap-northeast-1.amazonaws.com/cdn.travel-star.jp/production/posts/eyecatches/000/013/288/eyecatch.jpg?1550541273,https://清水寺-御朱印.jinja-tera-gosyuin-meguri.com/wp-content/uploads/2017/07/%E4%B8%89%E5%B9%B4%E5%9D%821.jpg,https://lh3.googleusercontent.com/proxy/K2Lfv1DG1Scneonm4-35JEwXPsz_2cifqEeCVxBAbtBBCRa6TJObBn8ickajTdyx0hSpdgVPSgCPHtNXsJMJxDEMF0AZ-yl1
https://cdn.4travel.jp/img/tcs/t/album/src/10/26/72/src_10267269.jpg?updated_at=1239057876,https://lh3.googleusercontent.com/proxy/qLoCXvsPzHqUnSq324Q6lnc1_RcRCgZjmQ2sBGY2RDrZ6zs3CbeSy739qRydhaean7IV0DxU3GDfCaSsJhymRCvU9_gflxRISPHZJJ7UUevQvJALcp-LmA,https://funjapo.com/wordpress/wp-content/uploads/2018/02/kinkakuzi6-810x540.jpg
https://blogimg.goo.ne.jp/user_image/09/fb/43fb92ee0bc2dc9d375293a450b1a719.jpg,https://static.amanaimages.com/imgroom/cen3tzG4fTr7Gtw1PoeRer/26121/26121031242.jpg,https://c5.staticflickr.com/6/5610/30890638796_3f376c3a64_c.jpg
https://www.sankei.com/images/news/180927/wst1809270019-p1.jpg,https://inariage.com/history/nijojo.jpg,https://i.pinimg.com/originals/cc/11/53/cc1153295e78f4dd23ce72d3853f02bc.jpg
https://www.gion-kurashita.com/sp/img/kanko/photo_keyvisual.jpg,https://fnn.ismcdn.jp/mwimgs/6/1/1200wm/img_616050b84dbc9ed985f82a92e749a99698170.jpg,https://kyotofreewalkingtour.com/wp-content/uploads/2019/08/GeishaGion.jpg
https://www.shokoku-ji.jp/wp-content/themes/shokokuji/assets/img/og/ginkakuji.jpg,https://caede-kyoto.com/wp/wp-content/uploads/2019/03/%E9%8A%80%E9%96%A3%E5%AF%BA%E3%81%AE%E5%86%AC%E6%99%AF%E8%89%B2.jpg,https://oniwa.garden/wp-content/img/26_kyoto/2002_ginkakuji/12.jpg
https://www.kyoto-teramachi.or.jp/wp/wp-content/uploads/2020/02/main_01-2.jpg,https://media-cdn.tripadvisor.com/media/photo-s/09/9b/d1/df/teramachi-street.jpg,https://c3.staticflickr.com/9/8661/28468321626_f6152b3af9_z.jpg
https://storage.googleapis.com/image.co-trip.jp/common/userpost/images_l/202001/1721343350048186.jpg,https://img.travel.rakuten.co.jp/mytrip/content/howto/fushimiinari-guide/images/58.jpg,https://travel.mar-ker.com/wp-content/images/sites/6/2016/11/fushimi-inari-taisha-shrine.jpg
https://kyotokanko.com/wp-content/uploads/2016/12/IMGP0185-752x440.jpg,https://i2.wp.com/japantemple.com/wp-content/uploads/2015/07/f0181746_10303533.jpg?fit=1268%2C951,https://www.gakuenmaeshika.com/wp/wp-content/uploads/2018/02/A98BEC75-B47D-418B-A65E-51889DF110BE.jpeg
https://icotto.k-img.com/system/press_eye_catches/000/012/030/14d7625a82788bd5d00215443818100a0e128051.jpeg?1499746418,https://cdn.zekkei-japan.jp/images/spots/ac4b2a750573a18c414486ccd4b5fa8f.jpg,https://lh3.googleusercontent.com/proxy/xvGcPHt24B92jI8huBkwtM5jtFEpHQpTGxF2v_DHMuIaUjc1AVAJnQi7zm5_EqADWlt0m5glpTSMpnpFRiasjuKSG1Q08WiSqPP2ok_HNA
https://s3-ap-northeast-1.amazonaws.com/thegate/2020/12/17/17/36/16/Ryoanji-Temple.jpg,https://金閣寺-御朱印.jinja-tera-gosyuin-meguri.com/wp-content/uploads/2019/06/%E6%96%B9%E4%B8%88%EF%BC%88%E6%9C%AC%E5%A0%82%EF%BC%89.jpg,https://ms-cache.walkerplus.com/walkertouch/wtd/sub_event/59/l2/154659.jpg
https://storage.googleapis.com/kooza/CACHE/images/kooza_traveltips/photo/015143b25f84715c402c4dbdaab71ba9/ca62c67cb31e5bf41e37c325b5092c24.jpg,https://cdn.zekkei-japan.jp/images/spots/93683461af3e85a92cad8712138efbd1.jpg,https://img-cdn.guide.travel.co.jp/article/435/31577/3963C435170C47DE81BEB9557AC19326_LL.jpg
https://upload.wikimedia.org/wikipedia/commons/f/fa/JP-Kyoto-yasaka.JPG,https://storage.googleapis.com/storage-omatsurijapan-com/articleimg/2020/06/1500MIKA7064-1200x802.jpg,https://cdn.mainichi.jp/vol1/2020/10/17/20201017ddlk26040545000p/8.jpg?1
https://svcstrg2.navitime.jp/curation/img/NTJkyoto4011/kyoto4011_60.jpg,https://www.kyotojapantravelmap.jp/wp-content/uploads/2016/10/hankyu-arashiyamasta-tenryuji01.jpg,https://image.space.rakuten.co.jp/lg01/41/0000487341/87/img77f3ffe9zikfzj.jpeg
https://rimage.gnst.jp/gurutabi.gnavi.co.jp/image/public/img/article/3b/37/art002121/article_art002121_3.jpg?20171113145500&rw=600,https://lh3.googleusercontent.com/proxy/Klpp-W7M8utxDcbqj5pYoDJg076X4bR3Mo1q8yhMH532zWK52s4b4ZqCScZHh2iw_mguFWar72O-XMdrI_RuMwfqqTFXZE2ntE4x,https://cdn-ak.f.st-hatena.com/images/fotolife/j/jotoyumekoi/20200201/20200201173443.jpg
https://kyoto-kinugasa.co.jp/images/uploads/news/image/edit/05e176aa69b9819c1bce0df5f5fd9770.jpg,https://encrypted-tbn0.gstatic.com/images?q=tbn:ANd9GcScFYjbEynaP9jkNcmtQKmaC9qum60H7jDdPA&usqp=CAU,https://blogimg.goo.ne.jp/user_image/6b/bf/ca84b47037059b6ed125e90fda2de1cb.jpg
https://parkful.net/wp-content/uploads/2016/08/kyotogyoen10.jpg,https://ms-cache.walkerplus.com/walkertouch/wtd/event/95/l2/373495.jpg,https://www.nippon.com/ja/ncommon/contents/guide-to-japan/120755/120755.jpg
https://static.amanaimages.com/imgroom/rf_preview640/11076/11076024959.jpg,https://www.kyoto-kawaramachi.or.jp/wp-content/uploads/01_oudan-1400x700.jpg,https://media-cdn.tripadvisor.com/media/photo-s/0d/b0/d8/99/kawaramachi-street.jpg
https://sankan.kunaicho.go.jp/multilingual/kyoto/images/t09-2.jpg,https://tabicoffret.com/assets_c/2020/02/b0be55c45af6704c37234400ff6b607e-thumb-700xauto-157197.jpg,https://discoverjapan-web.com/wp-content/uploads/2019/10/dbc651ed740ed902ac7ecb64cf8de955-1.jpg
"https://www.img-ikyu.com/contents/dg/special/kankou/spot/8656_origin.jpg?auto=compress,format&fit=crop&w=600&h=530&lossless=0",https://cdn.jalan.jp/jalan/img/6/kuchikomi/0236/KXL/13ca0_0000236770.JPG,https://tguide.jp/rails/active_storage/representations/eyJfcmFpbHMiOnsibWVzc2FnZSI6IkJBaHBBdkVFIiwiZXhwIjpudWxsLCJwdXIiOiJibG9iX2lkIn19--5af69b05c35cf5145300c419d88ccf985713cf38/eyJfcmFpbHMiOnsibWVzc2FnZSI6IkJBaDdCam9MY21WemFYcGxTU0lKT0RBd2VBWTZCa1ZVIiwiZXhwIjpudWxsLCJwdXIiOiJ2YXJpYXRpb24ifX0=--9e5d78bdbe26fcea183fc5e7e6c42ce98b5b8de2/22-016-03%E7%AB%B9%E6%9E%97%E3%81%AE%E5%B0%8F%E5%BE%84.jpg
https://pds.exblog.jp/pds/1/201409/30/26/f0118426_19251459.jpg,https://stat.ameba.jp/user_images/20180923/11/tks129/7c/a9/j/o0500037414271154794.jpg?caw=800,https://moneyexchange.webu.jp/img/1497966426593.jpg
https://spiritualjapan.net/wp-content/uploads/2018/06/dfdf0e73ad32219b3563071c3ea8cf47-600x450.jpg,https://visual.information.jp/Images/2010/20100117_IMG_C7281L.jpg,https://kaiun.sseikatsu.net/wp-content/uploads/2019/01/siraminezingu01.jpg
https://lh3.googleusercontent.com/proxy/_fG52x5Xya2vpiHyu7PD6mTjGYJLKi5ZsuA5nXUkchaheyNoo7kN17pO9QtRhb-PqBPuibHBcv_KdNe38ceV_c7NxRM2QWiKnWI,https://cdn.my-fav.jp/event/5/8475/4/17.jpg,https://encrypted-tbn0.gstatic.com/images?q=tbn:ANd9GcT8QsLW8SZi3MzJMaGDrjGgoYlAX0IwYSOYxg&usqp=CAU
https://kitanotenmangu.or.jp/img/ogp.jpg,https://dsimg.wowjpn.goo.ne.jp/rs/?src=https://wow-j.com/images/ext/allguides/01620/01620_001.jpg&maxw=750&maxh=0&resize=1,https://kyoto-np.ismcdn.jp/mwimgs/a/6/640m/img_a6b5b9ac21763097f52beae0867cb4f0593598.jpg
https://www.the-kyoto.jp/wp-content/uploads/2020/01/ninnaji01-860x573.jpg,https://ja.kyoto.travel/resource/tourism/sight/photo/shise07A/A048.jpg,https://www.japanvisitor.com/images/content_images/ninnaji-temple-747.jpg
https://caede-kyoto.com/wp/wp-content/uploads/2018/09/%E5%86%86%E5%B1%B1%E5%85%AC%E5%9C%92.jpg,https://www.nippon.com/en/ncommon/contents/guide-to-japan/129624/129624.jpg,https://crea.bunshun.jp/mwimgs/5/5/568/img_558f7aba1243d7c57f2396502fe5307c6917210.jpg
https://souda-kyoto.jp/card_member/event/img/1807/604_main_01.jpg,https://www.travelcaffeine.com/wp-content/uploads/2017/06/tijo-temple-kyoto-japan-pagoda.jpg,https://image.freepik.com/free-photo/ancient-wooden-pagoda-toji-temple-kyoto-japan_199107-644.jpg
https://tabi-mag.jp/wp-content/uploads/KY023201.jpg,https://media-assets.aumo.jp/uploads/photo/upload_photo/data/15871/large_c3802fa0-4006-4c3c-a215-f95cbb3dd3da.jpeg,https://smartparty.jp/wp-content/uploads/2017/11/kyoto-tower-about.jpg
https://static.retrip.jp/spot/9107a827-0aae-4e0e-870e-6b4bd87282c1/images/2e99530d-eeeb-4ac5-8d5b-f8e9e65f2062_m.jpg,https://icotto.k-img.com/system/press_eye_catches/000/011/316/2c3c183c54ee07c51e42701ffeff7f795e0acfd9.jpeg?1536039450,https://lh3.googleusercontent.com/proxy/ZFd-IMe4h9VFvtv9U6rRSuoGrDOuiTE5GOHDDb2P1HW4qtqDVpe4PxGVbFd2tDAz5lkvGMLl-D1p530K078kAlg4LkEz1HgPe5muoOdtMwgZ
https://gaijinpot.scdn3.secure.raxcdn.com/app/uploads/sites/6/2016/06/Nanzenji-Temple-Gate-.jpg,https://www.japan-guide.com/g18/3905_04.jpg,https://uncover.travel/wp-content/uploads/2018/10/img_1557-2.jpg
https://lh3.googleusercontent.com/proxy/ZU_xLfg9QFWrz_suCPRU9CgepoDURPCtVVB8ZnlNOc2_qpaZlg_7xPAz63eErvhgZlhAKxNIuSYjg_B1Gs5v14BsQFsi3VaMJKAIaJGNBk_N,https://cdn.4travel.jp/img/tcs/t/pict/src/18/74/72/src_18747262.jpg?1281578589,https://lh3.googleusercontent.com/proxy/tn56k56tL6nMrurYgDcjhkr0QZD1HO2KGNvzMWyLriRWcnhjYD8G4n-n6NRi-Gu23hL5rVXgg_hFioU1a2s5nlYT55GQsFGz
https://ja.kyoto.travel/resource/glossary/sight/photo/mimon07A/A005.jpg,https://blog-imgs-97.fc2.com/h/a/n/hanashiori2017/blog_import_5ab7aafc5ba1b.jpg,https://image.space.rakuten.co.jp/d/strg/ctrl/9/c5ad38942861c48fd5bbb21f329cbd9639a57e37.43.2.9.2.jpeg
https://tabi-mag.jp/wp-content/uploads/KY026001.jpg,https://travel.mar-ker.com/wp-content/images/sites/6/2016/07/path-of-philosophy.jpg,https://www.okeihan.net/recommend/momiji/detail/img/41/m02.jpg
https://www.nippon.com/ja/ncommon/contents/guide-to-japan/12498/12498.jpg,https://cdn.4travel.jp/img/tcs/t/album/src/11/20/93/src_11209399.jpg?updated_at=1485215836,https://www.nippon.com/ja/ncommon/contents/guide-to-japan/12497/12497.jpg
https://www.chion-in.or.jp/img/highlight/building/sanmon_main.jpg,https://tabi-mag.jp/wp-content/uploads/KY041901.jpg,https://kyoto-np.ismcdn.jp/mwimgs/1/6/640m/img_1621609c73c3279803f60e6a3638568b815429.jpg
https://stat.ameba.jp/user_images/20200127/09/kuruto-kyoto/e0/26/j/o4032302414702934469.jpg?caw=800,https://img-cdn.guide.travel.co.jp/article/92/20131211212125/646EC47A5D1949F8998EE11005C5A1DF_LL.jpg,https://encrypted-tbn0.gstatic.com/images?q=tbn:ANd9GcT6jVtg_MpWO40v62BAGHB_2u4xYCSN2OOXQw&usqp=CAU
https://travel.mar-ker.com/wp-content/images/sites/6/2016/09/arashiyama-park.jpg,https://www.shinobu-corp.co.jp/news/wp-content/uploads/2019/03/img_5824.jpg,https://lh3.googleusercontent.com/proxy/8eOPk4-h6y_2CrqZEWx3wLHAVQapMGy7McHg55Hvcy8-H4QPDYE83Xwmwpqz4TCVQklmXVBizjG4qdlZcOjSZm1AapUdW0fC
https://kyodonewsprwire.jp/prwfile/release/M104127/201808167000/_prw_PI1lg_9q6Hdy87.jpg,https://www.higashihonganji.or.jp/wordpress/wp-content/uploads/2019/05/%E5%BE%A1%E5%BD%B1%E5%A0%82_03.jpg,https://article-image-ix.nikkei.com/https%3A%2F%2Fimgix-proxy.n8s.jp%2FDSXMZO5244986021112019LKA001-3.jpg?w=900&h=450&auto=format%2Ccompress&ch=Width%2CDPR&q=45&fit=crop&crop=faces%2Cedges&ixlib=js-1.4.1&s=61cc4e88b19725c2138e28f30140eced
https://media-cdn.tripadvisor.com/media/photo-s/0b/12/0f/dc/caption.jpg,https://s3-ap-northeast-1.amazonaws.com/thegate/2020/10/26/14/25/24/Arashiyama_Park.jpg,https://shootinjapan.net/files/uploads/47236_006.jpg
https://rimage.gnst.jp/gurutabi.gnavi.co.jp/image/public/img/item/76/96/2000550/item_2000550_2.jpg?1554164245,https://www.fashion-press.net/img/news/67453/3Tw.jpg,https://www.city.kyoto.lg.jp/sankan/cmsfiles/contents/0000156/156909/P1060425.JPG
https://www.kodaiji.com/image/autumn_night01.jpg,https://www.jalan.net/news/img/2020/03/20200325_kodaiji_06.jpg,https://tguide.jp/rails/active_storage/representations/eyJfcmFpbHMiOnsibWVzc2FnZSI6IkJBaHBBZ2dDIiwiZXhwIjpudWxsLCJwdXIiOiJibG9iX2lkIn19--fd407d41cb52c89845ffd04deb099783bfedd841/eyJfcmFpbHMiOnsibWVzc2FnZSI6IkJBaDdCam9MY21WemFYcGxTU0lKT0RBd2VBWTZCa1ZVIiwiZXhwIjpudWxsLCJwdXIiOiJ2YXJpYXRpb24ifX0=--9e5d78bdbe26fcea183fc5e7e6c42ce98b5b8de2/26-001-07%E9%AB%98%E5%8F%B0%E5%AF%BA.jpg
https://www.toei-eigamura.com/files/event/49/img1.jpg,https://cdn.4travel.jp/img/thumbnails/imk/travelogue_pict/23/12/54/650x_23125482.jpg?updated_at=1315709431,https://kyoto-np.ismcdn.jp/mwimgs/f/7/640m/img_f7a5527970a8cdf0aee9f21cf50a65b6451720.jpg
https://kyoto-okazaki.jp/images/spot/okazaki_park/okazaki_park_01.JPG,https://okazaki-kanko.jp/image/rendering/feature_paragraph_image/1461/trim.1024/3/2?v=d68fef663795c442b4a716147147bc5f528ac23f,https://www.sankei.com/images/news/150820/wst1508200056-p1.jpg
https://lh3.googleusercontent.com/proxy/YP4cBow-rFx37ySg3CDhxXr3KF139AmqOp8j3ZqSKPQww-5HcUv7vqwXL9rvVaBr3sEnwjBo_BqzlIzqNXWjOPU51tTUz0Fadrue5pJL5inOVkdVR1ICQT8URnnoavSJXec5sJ55wbIvCRfu,https://lh3.googleusercontent.com/proxy/KPdA2Z0tFPHz2SLyUwOkHNrbMFpLsYJgjopf65IQ8l05edvCsJYGVxr_RsvrhAUeyt2YzOj-eKWmTpl_mKjOsIsxst9Pq48fRlZMWAKptMh7TkH-B966Y7c27ANV46OPml3ExNRLOupUXqkL-p-FcA,https://天龍寺-御朱印.jinja-tera-gosyuin-meguri.com/wp-content/uploads/2018/07/%E4%BA%80%E5%B1%B1%E5%9C%B0%E5%8C%BA.jpg
https://blogimg.goo.ne.jp/user_image/65/a0/bee3d693ec8abb00492d8778a06ab322.jpg,https://www.japan-guide.com/g18/3930_03.jpg,https://www.japan-guide.com/g18/3930_04.jpg
https://upload.wikimedia.org/wikipedia/commons/thumb/0/05/Kyoto_University_Clock_Tower.jpg/1200px-Kyoto_University_Clock_Tower.jpg,https://dol.ismcdn.jp/mwimgs/b/7/670m/img_b715d21b742ed8e02bce92d15537125b669905.jpg,https://www.showa-sekkei.co.jp/_photo/item/_projects/00240/140613185043.jpg
https://d2ahiw9kb7is19.cloudfront.net/-/media/75F4BB4C7327488EA4C253456554B41F.jpg?d=20171117T082051&w=750,https://travel.navitime.com/ja/m/kanko/wp-content/uploads/article_paragraph_dir/2329/body_1.jpg,https://kyoto-albumwalking2.cocolog-nifty.com/blog/images/2008/07/14/imm_8012a.jpg
https://www.kenninji.jp/img/animate/cut01bg.jpg,https://www.kenninji.jp/img/animate/cut08bg.jpg,https://funjapo.com/wordpress/wp-content/uploads/2018/02/kenninji04.jpg
https://lh3.googleusercontent.com/proxy/Ljeqwfm-TQ2COlohR-jnEd8wwxxJDQSxHdmSLiGpt08pAcIvOVB7T5rkW-q2zFiiZGUaBe4a8-j6E99tjN77YU-dpTOg5UZLbhzofr0,https://lh3.googleusercontent.com/proxy/19TgYnswJ-e-YDisuyX_nGiJsA1SoRf8p5Hh-kvBCVKbjQFGhf0FDCXlGx975TX07tVpd3jszqsNikRMnBAgaQOrNZW_-kl6,https://upload.wikimedia.org/wikipedia/commons/b/b9/Nagoya-seimei_jinja_20131008-03.JPG
https://cdn.jalan.jp/jalan/img/1/kuchikomi/0001/KXL/89910_0000001614.jpg,https://www.shimogamo-jinja.or.jp/common/img/top/mv.jpg,https://cdn.jalan.jp/jalan/img/1/kuchikomi/0001/KXL/89910_0000001614.jpg
https://www.ur-net.go.jp/chintai/img/chintai/kanto/tokyo/article/20_5340/report/20_5340_report_04.jpg,https://s3-ap-northeast-1.amazonaws.com/prod-rooms/realestates/0000/0000001/0000001000/0000001000376/0000001000376333/619a896a-260b-479b-96d8-a4448ae01776-P1.jpg,https://upload.wikimedia.org/wikipedia/commons/thumb/6/6e/OtoriiStation2007.JPG/1024px-OtoriiStation2007.JPG
https://lh3.googleusercontent.com/proxy/XVxzG6I2ruUeXF1mrQRBfAdGEF2pa0zdH6wl7Hf3ZqRNBc7Fa3BfskgVKjPMySGs_rHsYWZcBebgNY9gKrbI5mMo6CQ3d3OJ0CAIkFaAmQAzSMovxT6cM7LB48nVqqxJIhuS4pi9,https://tripeditor.com/wp-content/uploads/2020/07/06175804/shutterstock_1423362881.jpg,https://youimg1.tripcdn.com/target/100h1f000001gru0t985E_C_750_500.jpg?proc=source%2Ftrip
https://lh3.googleusercontent.com/proxy/tXfA1fFm6MPC5x3p9TVKH8RtQJhmp7RejO2ZfGFCkaJIOZmX7O3UEJDCWKtFQfrWlV1n5LzO9KEJ8P-EtoZD,https://www.museum.or.jp/storage/old/imdb/file/museum/00015040/00015040.jpg,https://encrypted-tbn0.gstatic.com/images?q=tbn:ANd9GcTAXkSKyvJgIIk0dsp6csiBiNkW1A5bHUXksg&usqp=CAU
https://www.gion.or.jp/wp-content/uploads/2013/05/2fd641d9b4c31cce3ad2482db9563c85-310x230.jpg,https://caede-kyoto.com/wp/wp-content/uploads/2018/09/%E3%81%AD%E3%81%AD%E3%81%AE%E9%81%93.jpg,https://hannari-tabi.up.seesaa.net/img_top_photo/IMG_1494.jpg
https://nihonchafan.com/wp-content/uploads/2019/06/5d5c92a3c7715368cdf59f3d30a3fe25.jpg,https://resources.matcha-jp.com/resize/720x2000/2018/11/09-66060.png,https://tblg.k-img.com/restaurant/images/Rvw/118581/640x640_rect_118581840.jpg
https://funjapo.com/wordpress/wp-content/uploads/2018/02/pontocho2-810x540.jpg,https://tabi-mag.jp/wp-content/uploads/KY046101.jpg,https://ja.kyoto.travel/resource/glossary/sight/photo/mimon06A/A087.jpg
https://www.news-postseven.com/uploads/2020/01/AFLO_honnoji.jpg,https://next.jorudan.co.jp/trv/images/640/17369.jpg,https://kyotokimono-rental.com/wordpress/wp-content/uploads/2014/11/honnohji-02.jpg
https://www.travelcaffeine.com/wp-content/uploads/2018/02/daitokuji-temple-kyoto-japan-017.jpg,https://chano-yu.com/product_images/uploaded_images/daitokuji-sanmon-kinmokaku.jpg,https://japanesecultureblog.files.wordpress.com/2016/01/daitokuji-m1805.jpg?w=648
https://www.kyoto-kankou.or.jp/upfile/35/3635.jpg,https://cdn.4travel.jp/img/tcs/t/album/src/11/42/71/src_11427183.jpg?updated_at=1543393217,https://lh3.googleusercontent.com/proxy/YHFAawCfzwk7WXZ2Rbwl0TpbZJrnBhqb1bdvj2fyYc5C-LYpwzSeR2vuBtEdvP5igZe4dNHYvk9fnJORuOuinYGMT6NkjyWMSdXkEecxkec48cJCRxxYiDCkHvusMEqBnlDfzUJKS-yxq-BQlInG6pUw86v_I-h-7EjderKz3-OxBMzj
https://lh3.googleusercontent.com/proxy/_18g2noJGgnNnA-FMrarVJTnQQjuflN2NyfWfdW31EUyHpw6vGWRapKlfz0ugjqQpjwE7isdDiRnEo3L,https://cdn.my-fav.jp/spot/5/70825/1/17.jpg,https://cdn.my-fav.jp/spot/5/70825/2/17.jpg
https://upload.wikimedia.org/wikipedia/commons/9/9c/Zonshinkan_Hall_at_Ritsumeikan_Univ.jpg,https://ritsumeikanunivpress.com/wp-content/uploads/2020/04/Ritsumeikan_Suzaku_Campus-scaled.jpeg,https://encrypted-tbn0.gstatic.com/images?q=tbn:ANd9GcQQwIgsbGNsdWBf9Kv-wMFP9tObR1JWNwV3Mg&usqp=CAU
https://upload.wikimedia.org/wikipedia/commons/3/33/Truck-Arashiyama-Station_01.jpg,https://lh3.googleusercontent.com/proxy/UHuHoTMinwnGbf1v8J8Q2B0lTaBH9JGLs7wJolGqcjYaIQQsmSJTmzlMjHyKegcoOKQv6Sb3Sdsk5pnbSixODntSiVAPjMR5m1ohd3hg,
https://www.myoshinji.or.jp/application/files/5014/9292/3661/kv_worship_thumb.png,https://upload.wikimedia.org/wikipedia/commons/7/7e/Myoshinji-M9707.jpg,https://sites.google.com/a/transwordtgm.com/https-sites-google-com-a-transwordtgm-com-sites/_/rsrc/1515240004214/tgm-international/tgm-kyoto-guide/sagano-arashiyama/myoshinji-temple-miao-xin-si/AS20141007005174_comm.jpg?height=292&width=400
https://d3hg7snzn13jf0.cloudfront.net/files/kanko/894/894--dcb580f51d745362ce7bcc43ee34a165.jpg,https://d3hg7snzn13jf0.cloudfront.net/files/kanko/894/894--c24b4712b73bbf7ff5266fdb731ec95f.jpg,https://d3hg7snzn13jf0.cloudfront.net/files/kanko/894/894--2b6e9a715155f3464ccd553ab8044fd8.jpg
https://kyototravels.com/wp-content/uploads/2019/10/kurumazakijinja5.jpg,https://svcstrg2.navitime.jp/curation/img/NTJmat0507/mat0507_3.jpg,https://d3hg7snzn13jf0.cloudfront.net/files/kanko/1573/1573--dcb36ba7b2dfcc88324b747f746d0125.jpg
https://www.japan-guide.com/g19/3956_top.jpg,https://cdn.zekkei-japan.jp/images/spots/8d1ab875c859ddfd0d22d0ae408f95d1.jpg,https://www.touristinjapan.com/wp-content/uploads/2019/06/eikando-temple.jpg
https://pds.exblog.jp/pds/1/201703/27/42/b0212342_12461187.jpg,https://lh3.googleusercontent.com/proxy/qDCYk7SI0wgya6Smmz_L6o6sn9vYlK2vf8-D-yv-xr1PMu-w-ZBz8QeBMxFFS3-6YUL-0RcGLnnl-pIiEEmnrDwOd3O0Xw,https://lh3.googleusercontent.com/proxy/yzZW-V1O4KWgfg72rR9VHil9LvKZEAviQGl3puArTnGKDmZFK4nwoFydpNsFRkxDYFN4e-F3ilphriJ6z1SyT4Hmm3As6w
https://www.koshoji.or.jp/kanri/image.php?file=about.7.1.jpg,https://www.shin.gr.jp/member/koshoji/img/photo.jpg,https://www.koshoji.or.jp/images/home/damage_situation_img.jpg
https://userdisk.webry.biglobe.ne.jp/008/982/91/N000/000/012/146450452119159521177.jpg,https://lh3.googleusercontent.com/proxy/xfiKSqzHQjTxmX_lNNZD78J74U9gEoDlIxHEv0pW3tffOzN57qdX38_Bllr4usv4wldj0X2jk1aFcWhL1btHWDD9Xx2A_goEq09bcXo,https://blogimg.goo.ne.jp/user_image/78/0d/d46afc99c5f5a5145cb7c51d0dbbb9d0.jpg
https://chisan.or.jp/wp-content/uploads/2019/11/user-imgD-image-worship-img_wo09a.jpg,https://chisan.or.jp/wp-content/uploads/2019/11/user-imgD-image-worship-img_wo10a.jpg,https://a1.cdn.japantravel.com/photo/10409-63615/1000/kyoto-chishakuin-temple-63615.jpg
https://wondertrip.jp/wp-content/uploads/2016/06/pixta_13068242_M.jpg,https://lh3.googleusercontent.com/proxy/I0zS6TMG-WG6fIRXyQNSX599OpU3Yoyzf1u8Bmz9BixSv5J3v0S7KUrydHgi7FAMd08bE36HVgy7_aRLltFfmWeVAg,https://img-cdn.guide.travel.co.jp/article/70/13688/294D200F84B14C29A4F3864395EEE535_L.jpg
https://lh3.googleusercontent.com/proxy/f1i5Z5fNyG6EvW1MiwGJshum-RF7HqUzaY8WMPvYZg9zVyA5jJwpLhX4guZYNG-yf2_ud3dmLW-yK3si7pUfN8FusjhbrPsNe2tcTumzPrKk1ND5,https://rimage.gnst.jp/livejapan.com/public/img/spot/lj/00/09/lj0009596/lj0009596_5cabf1b130c0b_main.jpg?20200809050057&q=80,https://www.flashpackingjapan.com/wp-content/uploads/2019/12/seiryoji-temple-arashiyama-gate-1-.jpeg
https://upload.wikimedia.org/wikipedia/commons/a/a4/Horinji_Kyoto.jpg,https://micro.rohm.com/en/rohm-saijiki/arashiyama/recomend/images/photo_hourinji01_b.jpg,https://zorajp.sakura.ne.jp/horinji/horinji_dsc_5430.jpg
https://photohito.k-img.com/uploads/photo53/user52311/4/c/4c304e43224c34146c071135e982b6e8/4c304e43224c34146c071135e982b6e8_l.jpg,https://www.leafkyoto.net/blog/kyonikki/old/images/itosakura1215-thumb.jpg,https://alis.to/d/api/articles_images/Cosmos/34ZO1r6AoPbm/2e46811b-cc2d-4d4c-aadd-50acc008ee71.jpeg?d=800x2160
https://upload.wikimedia.org/wikipedia/commons/8/8a/Kozanji_Kyoto_Kyoto11s5s4592.jpg,https://media-cdn.tripadvisor.com/media/photo-s/06/f7/0b/47/caption.jpg,https://a1.cdn.japantravel.com/photo/poi-246-211779/720x720!/kyoto-kosanji-temple-211779.jpg
https://japan-highlightstravel.com/img/spot/150012/main_en.jpg,https://livingnomads.com/wp-content/uploads/2016/08/Kamigamo-Jinja-Shrine-Kyoto-temples-Japan-1.jpg,https://d3hg7snzn13jf0.cloudfront.net/files/kanko/571/571--59fcc86504ab80621c33caa4ce9ecd44.jpg
https://letronc-s3.akamaized.net/places/images/5122/sp_large/F_kyoutosuizokukan18.jpg?1574221435,https://i.gzn.jp/img/2016/04/20/kyoto-aquarium-renewal/00.jpg,https://kyotomap.info/wp-content/uploads/2016/01/16.jpg
https://d3bbatwdaufxg9.cloudfront.net/content/6715/4037/0744/15-20180718_Chishakuin_PtG-152.jpg,https://www.ilovekyoto.com/wp-content/uploads/2016/11/chishakuin-image-5.jpg,https://mykyotophoto.com/wp-content/uploads/2017/05/170101_Kyoto-Chishaku-In-Temple-New_Year-502989.jpg
https://upload.wikimedia.org/wikipedia/ja/0/0b/%E9%AB%98%E7%80%AC%E5%B7%9D2583.JPG,https://www.cyber-world.jp.net/wp-content/uploads/2016/04/kiyamachi_dori-05.jpg,https://static.amanaimages.com/imgroom/rf_preview640/10283/10283000321.jpg
https://caede-kyoto.com/wp/wp-content/uploads/2019/03/%E9%9E%8D%E9%A6%AC%E5%AF%BA01.jpg,https://lh3.googleusercontent.com/proxy/-eJLHEIm9SHCNmgWwLZw-w4vHz2mDM7NUcdVO5M7px8azhYtk3NfDO1jjSt6ZM-ND9jIcunzwljT-hVTsfcsqiA65SORCO9m,https://inariage.com/photo/kurama-dera.jpg
https://kyoto-design.jp/files/imagecache/d600/spot/kd12_2840-1511833645-35226.jpg,https://lh3.googleusercontent.com/proxy/SNQDEgsuYYJM2iv8oscqerFeWCd6xW4YTuWHSmH5P_f_BoKJg7iIfgdzu9BDRYUCdhWxVqeIPj8npSJONJdZRNwxeS8fo6A23BvDnHtrkwcMyPr86fCJfDLtU3HeX6PtfwzGgTJ9BlO4V5dkRtCxng,https://lh3.googleusercontent.com/proxy/zBTV_N-y_Iwk1lw1S6WRDDekBczPmIBzeXVkMct13MnFRS8QgG3N8WQ6Wbu_XmQ8kJg72yXTneCT2L5nm27ol_SxQKtipF53Gxl_yegzrzZEKu4Dh_HZbEVs_yuk26suy8a0Kn6F9qnea-TRnA5D6A
https://bt.imgix.net/magazine/20904/content/1573797476096_b5c7a92ddca3ad7555826faf8a9fa696.jpg?auto=format&fm=jpg&w=1920&h=1080&fit=max&v=1,https://project.nikkeibp.co.jp/atclppp/PPP/news/052501564/F3.jpg,https://shinkenchiku.online/img/2020/04/009_20191117_1701-HDR.jpg
https://www.japan365days.com/img/kyoto/myohoin_temple/kyoto-myohoin-temple-kuri.jpg,https://encrypted-tbn0.gstatic.com/images?q=tbn:ANd9GcQnB57lS6TTuQqlsRGDK9Mc0l1Wq_Xyv5jwVQ&usqp=CAU,https://media.istockphoto.com/photos/myohoin-temple-grounds-kyoto-japan-picture-id1028421882?k=6&m=1028421882&s=170667a&w=0&h=X9AmVErjPup4gWHdZfWEm9dmkuS24mrpwUblxvFij-0=
https://www.japanvisitor.com/images/content_images/kongoji-temple-2.jpg,https://www.japanvisitor.com/images/content_images/kongoji-temple-1.jpg,https://upload.wikimedia.org/wikipedia/commons/thumb/a/a5/Kongoji_temple_takinogawa_kita.JPG/1024px-Kongoji_temple_takinogawa_kita.JPG
https://rekishidou.com/wp-content/uploads/CIMG2760.jpg,https://meishomeguru.com/wp-content/uploads/kyoto/kyotoryozen/kyotoryozen-1.jpg,https://lh3.googleusercontent.com/proxy/g7mzCtxNXg2fsxac_ZbOf9QGgIvaSydYu_KuJSCMMedl7r9-Ek-1EdzrzU6G97KjuDMfdaL8Rx7-qk1_6J7V6grOwIGrK-2bM-AUrUgcU4efCyr1O-DZ21XekSXPM66zHfI
https://2ponderful.com/wp-content/uploads/2019/10/konkai-komyo-ji.jpg,https://media-cdn.tripadvisor.com/media/photo-s/0e/66/6c/9a/caption.jpg,https://ueyakato.jp/images/gardens/13_kurodani/s-4.jpg
https://d2hpum9hu56in0.cloudfront.net/userimage/photo/image/12769/large_original_aspect_2a2b417e-0d0b-45ca-aa81-b5b3996e9be3.jpeg,https://www.jtb.co.jp/kando/assets/img336_1.jpg,https://livedoor.blogimg.jp/k14kawa/imgs/9/9/99942bc5.jpg
https://www.shokoku-ji.jp/wp-content/themes/shokokuji/assets/img/shokokuji/about/imgSlide01@2x.jpg,https://www.shokoku-ji.jp/wp-content/themes/shokokuji/assets/img/shokokuji/about/imgSlide04@2x.jpg,https://media-cdn.tripadvisor.com/media/photo-s/0e/af/fd/64/13.jpg
https://2.bp.blogspot.com/-3iZWXHDX8F0/Wt1W-NiiU9I/AAAAAAAAYVY/K2S_I4FQgeIkz1y_87gn557_sm16KhwmgCLcBGAs/s1600/8f1dcc8a-a504-4488-9ac8-c71688cff258-min.jpg,https://www.love-wife-life.com/wp-content/uploads/2017/01/s-IMG_6030.jpg,https://i0.wp.com/familynavi.jp/wp-content/uploads/2019/08/%E3%82%8F%E3%82%89%E5%A4%A9%E7%A5%9E%EF%BC%88%E6%95%B7%E5%9C%B0%E7%A5%9E%E7%A4%BE%EF%BC%89.jpeg?resize=920%2C613&ssl=1
https://souda-kyoto.jp/blog/img/00444/01.jpg,https://hozugawa.cocolog-nifty.com/photos/uncategorized/2009/04/09/dsc_0028.jpg,https://lh3.googleusercontent.com/proxy/0PhfspUgEuLdeTvPgDc_J47bl7vNZ7szY0a5pDSfse4Sw3G6m-lWGneh0Rsz2SP4IZtfXiN9rZiVWwELbt2za1vBb_nmQ6mlFzfz
https://d3hg7snzn13jf0.cloudfront.net/files/kanko/835/835--e794a41ccf7b329a957f8d50741c7a98.jpg,https://encrypted-tbn0.gstatic.com/images?q=tbn:ANd9GcT6cgbzMxlIGUwu5hMIZWjn1MgDYLRIh83q4g&usqp=CAU,https://www.japan-guide.com/g18/3970_03.jpg
https://insho-domoto.com/p01/t00.jpg,https://kyoto-artbox.jp/wp-content/uploads/42c72b99b1533669253983846cd524be.jpg,https://kyoto.graphic.co.jp/guide/wp-content/uploads/2015/07/domotoinsho_museum002.jpg
https://cdn.zekkei-japan.jp/images/spots/1ac697e71e0834ad18874b10402f3d80.jpg,https://funjapo.com/wordpress/wp-content/uploads/2018/02/ishibekouji02.jpg,https://lh3.googleusercontent.com/proxy/rjgxT1QFXXjy5N925_ibKr3wh_iaT5N1ubc4D8ZBryFjax7yd59wwts8iUbS4PaNrUqSJv8kQelvc7Mlxh9Ih49y5ShPDA
https://upload.wikimedia.org/wikipedia/commons/0/0d/Daigakuji.jpg,https://www.kyoto-hatoya.jp/blog/wp-content/uploads/2020/08/temple__photo.jpg,https://ogurayama.chihayafund.com/images/tourist/%E5%A4%A7%E8%A6%9A%E5%AF%BA.jpeg
https://cdn-ak.f.st-hatena.com/images/fotolife/k/kyotoside_writer/20180321/20180321234005.jpg,https://rcreation.jp/wdprs/wp-content/uploads/2018/03/rcreation-VD638.jpg,https://www.digistyle-kyoto.com/manager/wp-content/uploads/2017/11/1c1a30cf17fc64c280e0a5f36d243b5a-700x525.jpg
https://www.biwakokisen.co.jp/wp/wp-content/uploads/2019/01/fdb73154ea332005cdf998f7f1d17b7c.jpg,https://lh3.googleusercontent.com/proxy/io7JLN1tuh2JHclSUhRjbx-7hexiaXi5RIU1PzolDYzlAQGyugRa8AYBDRnZMfx1ZPJW2MzubcFx0IMwGVceNQXVJjriTETlNA451hDnKWMCBg7jJiaFbyMFlfENZD2-k8CTlqofeLA,https://eizandensha.co.jp/spot/wp-content/uploads/sites/5/2019/06/hp-002-9.jpg
https://www.kyoto-ga.jp/umekouji/images/suzakunoniwa/img_00.jpg,https://1000enpark.com/wp-content/uploads/2018/03/00968_001.jpg,https://image.walkerplus.com/wpimg/walkertouch/wtd/images/n/204761.jpg?x=1920&notupsize=1
https://temporarilylostdotcom.files.wordpress.com/2012/09/okochi-sanso-11-garden.jpg,https://d3bbatwdaufxg9.cloudfront.net/thumb/m/4514/5559/8647/04-20140702_Okouchisansou_Mainspot-278.jpg,https://d3bbatwdaufxg9.cloudfront.net/thumb/l/8314/5559/8645/01-20140702_Okouchisansou_Mainspot-130.jpg
https://prerevi.com/press/wp-content/uploads/s-12.-800x491.jpg,https://upload.wikimedia.org/wikipedia/ja/thumb/e/e8/%E7%A6%8F%E7%8E%8B%E5%AD%90%E7%A5%9E%E7%A4%BE-01.jpg/1200px-%E7%A6%8F%E7%8E%8B%E5%AD%90%E7%A5%9E%E7%A4%BE-01.jpg,https://inishiejapan.jp/wp-content/uploads/2015/09/IMG_4902-1-1028x509.jpg
https://static.syukatsulabo.jp/upload/3523-20181227165038.jpg,https://article-image-ix.nikkei.com/https%3A%2F%2Fimgix-proxy.n8s.jp%2FDSXMZO3415185014082018AC8Z01-2.jpg?w=680&h=452&auto=format%2Ccompress&ch=Width%2CDPR&q=100&fit=crop&ixlib=js-1.4.1&s=ff146c3d0af56046d77c3ee657b658ad,https://ja.kyoto.travel/resource/tourism/sight/photo/shise01C/C056.jpg
https://tabi-mag.jp/wp-content/uploads/KY006301.jpg,https://resources.matcha-jp.com/old_thumbnails/fullsize/236.jpg,https://static.omairi.club/img/pictures/posts/027/017/000/a897d6d6c3c0bba1c9afd059268119e6.jpg?p=800&v=1493467342
https://kyoto-design.jp/files/imagecache/d600/spot/kd0_10945-1386670948.jpg,https://kyoto-design.jp/files/imagecache/d600/spot/kd127_10319-1384153877.jpg,https://img-cdn.guide.travel.co.jp/article/70/20151030145206/EF9E1C076EE64793871E86BCEC89C8A5_L.jpg
https://kyoto.graphic.co.jp/guide/wp-content/uploads/2015/07/sannenzaka_bijutsukan003.jpg,https://kyoto.graphic.co.jp/guide/wp-content/uploads/2015/07/sannenzaka_bijutsukan002.jpg,https://www.ccs-inc.co.jp/museum/results/img/result13/mv.jpg
https://cdn.jalan.jp/jalan/img/4/kuchikomi/3314/KXL/86cbe_0003314288_1.jpg,https://www.bunpaku.or.jp/wordpress/wp-content/uploads/2014/12/bekkan_header.jpg,https://karaksahotels.com/wp/wp-content/uploads/2016/10/joy005-001-1.jpg
https://upload.wikimedia.org/wikipedia/commons/d/d8/Truck_KAMEOKA_station-201106.jpg,https://t.pimg.jp/022/300/802/1/22300802.jpg,https://stat.ameba.jp/user_images/20170927/01/sagami-hayama/f1/08/j/o0886066414036140229.jpg?caw=800
https://lh3.googleusercontent.com/proxy/SWyJbeQiH7S887hiEL2jz54pZ3U58fwdav4XdRWyGJLobVmeUtOdbqJU-rKf7Wq-u76KIIr8mXZ_HrtK4da10NvQiWWPChKVzN-WyKhOyh711B58nxZ180y88r4QLXZj,https://caede-kyoto.com/wp/wp-content/uploads/2018/06/kaouin.jpg,https://kyoto-design.jp/files/imagecache/a1000/report/kd62_44511-1564119806-50606.jpg
https://sp.jorudan.co.jp/leaf/images/spot/640/J20512.jpg,https://www.higashihonganji.or.jp/shoseien/top_main/images/002.jpg,https://static.amanaimages.com/imgroom/cen3tzG4fTr7Gtw1PoeRer/22456/22456005042.jpg
https://img-cdn.guide.travel.co.jp/article/116/20130814203432/121D006427B045BFB1AA27F30089D280_LL.jpg,https://funjapo.com/wordpress/wp-content/uploads/2018/02/syugakuinrikyu-810x540.jpg,https://3.bp.blogspot.com/-tbk52hzGF8k/W-bRcHuQaPI/AAAAAAAAJS8/9eTShXpBYMAgBL2oAqu_0wQAZmlJSPSOACLcBGAs/s640/%25E4%25BF%25AE%25E5%25AD%25A6%25EF%25BC%2590%25EF%25BC%2590.jpg
https://lh3.googleusercontent.com/proxy/aix5mUfv5OiKX457smSeQa27sNzRzEYshg6C2snCIPmSrlJVxYY6f3zxd8p4ztyvmHAqLxKmY-yT7toxmM8zRg,https://lh3.googleusercontent.com/proxy/biUgyYovsOmZRxW3qGbqIf4xXT9XE3ngP34vZ3tuKelcxF-r70tNhRLDdcGASiqIwyEi3R3yWpuSyXIjFdD3tK5oA8vSXrLqa31n,https://kyototwo.jp/wp-content/uploads/2017/08/nenbutsuji_sento_c_ec.jpg
https://pbs.twimg.com/media/DCbpq5gVwAEnMtB.jpg,https://i.pinimg.com/originals/6a/28/59/6a2859534bff0d641d2238b47c749caa.jpg,https://i.pinimg.com/originals/21/cb/ca/21cbca5ec9e77e0045589650c0abc1f3.jpg
https://3.bp.blogspot.com/-i_s-ptPoDwA/WEPJ_oSxb7I/AAAAAAAACAk/0rGvWCsbTXwcjPls7d0CzFgtx7tiYqo3ACLcB/s1600/daisen-in_main.jpg,https://youimg1.tripcdn.com/target/100210000000o87zs53A6_C_750_500.jpg?proc=source%2Ftrip,https://insidekyoto.smugmug.com/Daitoku-ji/i-9xFt3tw/0/L/Daitokuji%201-L.jpg
https://www.elitz.co.jp/kyoto/know/img/detail01/con_02_img_18.jpg,https://cdn.mainichi.jp/vol1/2016/01/21/20160121dd0phj000060000p/91.jpg,https://lh3.googleusercontent.com/proxy/lbjvZgBerpSrcDISe1TObEZz_FdPELHjOIqfAb8yaNYy-6uhOiqWVCQpIiFtxOrYRbo8Ze14ml6WE-4WGgh1JpQppYnnnRou
https://kyoto-design.jp/files/imagecache/d600/spot/kd16_8321-1411721370-16612.jpg,https://cdn.jalan.jp/jalan/img/6/kuchikomi/4016/KXL/98981_0004016136_2.JPG,https://kyoto-zoo.com/img/otoyo4.jpg
https://img-cdn.guide.travel.co.jp/article/962/28911/285C006230D747EDAE8F7A7CE64600C2_LL.jpg,https://lh3.googleusercontent.com/proxy/TxhYMh7Cssi_yPstJnr2v0Bq-2uCm6N2ptDe1GqH9CFVbKdw9dGOOySehthJ3U3w_EQkWXgIVbMUg5QeZeNrtkCu4kWFdWuvk8U4LQ,https://img-cdn.guide.travel.co.jp/article/284/20140504183553/FE0224C5F65B4F638D660C55A5D261C0_LL.jpg
https://img-cdn.guide.travel.co.jp/article/54/16208/90708F1FD9F54F02A5E8219F9E70F54D_LL.jpg,https://kyotokanko.com/wp-content/uploads/2017/02/hiranoIMG_1160-752x440.jpg,https://kyoto-shrine.com/wp-content/uploads/2020/03/%E5%B9%B3%E9%87%8E%E7%A5%9E%E7%A4%BE-%E6%A1%9C-%E9%96%8B%E8%8A%B1%E7%8A%B6%E6%B3%81-%E8%A6%8B%E9%A0%83_200320_0039.jpg
https://static.amanaimages.com/imgroom/cen3tzG4fTr7Gtw1PoeRer/26121/26121005354.jpg,https://pds.exblog.jp/pds/1/201211/26/14/a0114714_2361924.jpg,https://1.bp.blogspot.com/-1JG4jmw4ab8/VFqEZEqj0uI/AAAAAAAAoXo/k89sq9gLzRc/s400/CIMG9644.jpg
https://upload.wikimedia.org/wikipedia/commons/thumb/2/29/Shorinin.jpg/1200px-Shorinin.jpg,https://blog-imgs-44.fc2.com/i/k/n/iknozomi/101103oohara070.jpg,https://lh3.googleusercontent.com/proxy/fNNTJ80rBrm8m2wSN4wJX1ayUj7CXCjWfvQSeS5YXYZL7_YLWlUgkUUeaHeaS8Mueauc5Ha2TWbLo38o9A5jMPVLUc1AhnSchmlcaUcImMKdUXRIJsve6TGrO_mt9Gi6LS1NpMfwJ1qGPGe-HUqt5qhX4Lx1Fx0uc45WI-a9gmXuASoa29dzEqyBhYU8ALEiV6I
https://media-cdn.tripadvisor.com/media/photo-s/0c/ab/a0/a4/caption.jpg,https://thumbs.dreamstime.com/z/seiganji-temple-kyoto-japan-november-interior-statue-amida-butsu-november-kyoto-japan-48640011.jpg,https://ueyakato.jp/images/gardens/15_seiganji/s-1.jpg
https://kyoto-design.jp/files/imagecache/a700/report_section_img/kd219_14033-1407418204-15049.jpg,https://jinja.nagoya/wp-content/uploads/2017/02/wakamiya-hatiman.jpg,https://noma-co.jp/power/wp-content/uploads/2016/12/wakamiya01-1024x768.jpg
https://www.westjr.co.jp/press/article/items/150708_00_umekoji.jpg,https://cdn3.railf.jp/img/news/2015/08/150813_ume_2572.jpg,https://smlycdn.akamaized.net/data/product2/2/ed4bb63c80e5392093eacc3091e22be42dc29178_l.jpg
https://upload.wikimedia.org/wikipedia/commons/6/63/JyakkouinHondo.jpg,https://kyotokanko.com/wp-content/uploads/2017/04/FH030015.jpg,https://lh3.googleusercontent.com/proxy/BI6rLAqYshkEbW6Gu5DmMIdsO9GiBvhASsOf5FQPqSLEPfG92C9x-QA1AOXxsmomqkdUc2-Vq9Ui-Rjxj6wgy1x9Yze9d04vU2aitevcO_mQwQ1SRRcD6pI
https://cdn.e-ohaka.com/guide/wp-content/uploads/2018/12/328538.jpg,https://funjapo.com/wordpress/wp-content/uploads/2018/02/sennyuzi-810x540.jpg,https://travel.mar-ker.com/wp-content/images/sites/6/2016/10/sennyuji.jpg
https://static.tenki.jp/static-images/kouyou/point/36591/large.jpg,https://travel.mar-ker.com/wp-content/images/sites/6/2016/09/hokyoin.jpg,https://jpmanual.com/wp-content/uploads/2016/12/hokyoin-01.jpg
https://www.smartmagazine.jp/kansai/wp-content/uploads/2016/06/img01-3.jpg,,
https://images.keizai.biz/karasuma_keizai/headline/1591860419_photo.jpg,https://shinpuhkan.jp/wp-content/themes/ftpa_theme/assets/images/development-concept/cont_img01.jpg,https://saitoshika-west.com/wp/wp-content/uploads/2020/06/th_IMG_9420.jpg
https://kyotokamogawa.cocolog-nifty.com/photos/uncategorized/2015/06/19/img_0607.jpg,https://media-cdn.tripadvisor.com/media/photo-s/0e/dc/70/35/the-bridge.jpg,https://www.chumweb.jp/wp-content/uploads/2020/06/O6A2984.jpg
https://upload.wikimedia.org/wikipedia/commons/c/c2/Jojakkoji01s3200.jpg,https://encrypted-tbn0.gstatic.com/images?q=tbn:ANd9GcQz6Krdg012wSoCkj_QMjI9NSdw8oW15-rdJQ&usqp=CAU,https://encrypted-tbn0.gstatic.com/images?q=tbn:ANd9GcR0wv4zxLUpLK6Lqp4jzHGYqIaKZ-UCXAqlhA&usqp=CAU
https://kawaii-kyoto.net/wp-content/uploads/2019/03/jizouin19.jpg,https://img-cdn.guide.travel.co.jp/article/435/31466/A980F1AF122E47A3B662B26F91A9B631_L.jpg,https://photo53.com/img/tsubakidera4.jpg
https://ja.kyoto.travel/resource/tourism/sight/photo/shise01s/s094.jpg,https://kyoto-option.com/web/wp-content/uploads/2014/07/5d0c78921ac569163492bd8261207fe8.jpg,https://item.kotolog.jp/l/1072-1.jpg
https://www.hankyu.co.jp/sp/area_info/hankyu_biyori/images/vol30/sp_image01.jpg,https://garden-guide.jp/photo/matsunoo/matsunoo00.jpg,https://nihon-kekkon.com/common/img/uploads/2018/12/351236290a5b376ea31b606e0c6d5438.jpg
https://stat.ameba.jp/user_images/20180729/20/mtr-blis-3838/44/a5/j/o1272085014237862727.jpg?caw=800,https://cdn.zekkei-japan.jp/images/spots/217a71beaaa5302466c5b03c885377f7.jpg,https://stat.ameba.jp/user_images/20181216/11/kansainokokuhou/a7/02/j/o1920108014321647626.jpg?caw=800
https://www.kyoto-kankou.or.jp/upfile/84/5884.jpg,https://image.walkerplus.com/wpimg/walkertouch/wtd/event/50/n/13150.jpg?x=1920&notupsize=1,https://nisonin.jp/imgs/index/photo4.jpg
https://al-media-manager.s3.ap-northeast-1.amazonaws.com/uploads/gzlZmz0kyIOMrywVAWMT9YwFrFLOl3zpzqt1BAj4.jpeg,https://www.kyoto-ga.jp/greenery/kyononiwa/%E6%9B%BC%E6%AE%8A%E9%99%A2%E5%B0%8F%E6%9B%B8%E9%99%A2%E3%81%8B%E3%82%89005.JPG,https://開運サプリ.com/wp-content/uploads/2018/09/%E4%BA%AC%E9%83%BD%E6%9B%BC%E6%AE%8A%E9%99%A2%E9%96%80%E8%B7%A1.jpeg
https://imgfp.hotp.jp/IMGH/33/02/P034423302/P034423302_480.jpg,https://tblg.k-img.com/restaurant/images/Rvw/18445/640x640_rect_18445572.jpg,https://tblg.k-img.com/restaurant/images/Rvw/28958/640x640_rect_28958822.jpg
https://cdn.zekkei-japan.jp/images/spots/4afa5e2d6173dd533be70b18a96cc72c.jpg,https://wondertrip.jp/wp-content/uploads/2016/06/pixta_16756435_M.jpg,https://www.knt.co.jp/goto/miryoku/kansai/img/goto-miryoku-kansai_s004_001.jpg
https://prjtbpublic.blob.core.windows.net/pr-jtb-public/SightImage/SI_80026712_1100001503_SU_2602_1473.jpg,https://prjtbpublic.blob.core.windows.net/pr-jtb-public/SightImage/SI_80026712_37366.jpg,https://snaplace.jp/wp-content/uploads/2016/03/%E5%85%AD%E9%81%93%E7%8F%8D%E7%9A%87%E5%AF%BA-1280x960.jpg
https://lh5.googleusercontent.com/p/AF1QipNyU4W0VuzY-BfFw3TY4D6exnjDfQL-N-HeAtQe=w408-h306-k-no,,
lh5.googleusercontent.com/p/AF1QipOSkfxvaF2fU_ZXoClUu8YnFLerkd9tdoVHG_l3=w427-h240-k-no,,
https://upload.wikimedia.org/wikipedia/commons/thumb/d/d4/Kyoto_Police_Hospital.jpg/1200px-Kyoto_Police_Hospital.jpg,,
https://lh3.googleusercontent.com/proxy/oip2pMYEwPOJE3pa0JDxphimd37xU-eDfq-wM8ZNYP7tMNPqjynnxXMr8Xn-Chqy1uKtMBjD_j1IxETKmIRRKjFfvtlxHJfATqUEkwKGDlnB4ZvGpQ,,
https://lh5.googleusercontent.com/p/AF1QipNfuFORM797S2jZYb3WSrxxoqGbZqWJqGuVYO4E=w408-h281-k-no,,
https://kyoto.jcho.go.jp/wp-content/uploads/2015/03/honkan.png,,
https://www.kpu-m.ac.jp/doc/english/hospital/files/10348.jpg,,
https://lh3.googleusercontent.com/proxy/xrtqWo2ukrANxkW0alj3QZiLCCsfvsyBdrFcpmVIPxIAUDJ45GtXuwMA1O3CeacbHgRCs2qKpUGH3nHTD3dDeGKLvibhkBaQk1GyQRSw3qbFWYIRFXA,,
https://lh5.googleusercontent.com/p/AF1QipO7z96FZHQ54C7hZ_qlcchqOUlbDu5P5tRf_6FE=w408-h306-k-no,,
https://www.jinpukai.or.jp/recruit/wp-content/uploads/2016/05/sagano-002.jpg,,
https://kyoto-np.ismcdn.jp/mwimgs/1/4/640m/img_14c56adfc9588b19b08a06c8a6327c4f708757.jpg,,
"data:image/jpeg;base64,/9j/4AAQSkZJRgABAQAAAQABAAD/2wCEAAkGBxMTEhUSEhIWFhUWFxgXFxcWGBcXFxgVGBgYGBoXFhgZHSggGBolHRYYITEhJSkrLi4uFx8zODMtNygtLisBCgoKDg0OGhAQGy0lHSUtLS0tLS0tLS0tLS0tLS0tLS0tLS0tLS0tLS0tLS0tLS0tLS0tLS0tLS0tLS0tLS0tLf/AABEIALcBEwMBIgACEQEDEQH/xAAcAAABBQEBAQAAAAAAAAAAAAAFAAIDBAYBBwj/xABFEAABAgMFBAcFBQUIAgMAAAABAhEAAyEEBRIxQVFhcZEGEyKBobHBMkJS0fAUI2Jy4QeCktLxFSQzQ1OissJE4jSTw//EABkBAAMBAQEAAAAAAAAAAAAAAAABAgMEBf/EACcRAAICAgICAgICAwEAAAAAAAABAhEDEiExQVEEEzJhInFSkbEU/9oADAMBAAIRAxEAPwDdGEIcRHGj1zzTpEMMSJji0wgI45Do5FCOGGTJYUGUARsIccjD4TQAVhZPgURuPaT4lwOBAgX0qvhUlBsyR21AdatNSEFj1eQIKhmGoCA5eCt6XkLNL6yhWaS0nVW0/hTQnuGseezZpUSpRJUSSScyTUkxwfJy29UdeDHS2ZFjSoOD35Hh+kaXodceL++2ggSJfaQF0xMHx7D+EU0V8Li7g6OC2zD1gAs8usxRpiIrgB2DNR7tSU3ek98GcRKkqeRLPZcAFavjJSGYPQNvOjclUdA3pP0lVa5gDFEpFJUs03YiNVEbMhTaSJYERAZlGUG45c8oHyrTinplyldmoVR0uASw4NwgGFgCMj3Goh6J5Gbg7Rl9cYqzZikqYp0dw5/URclpdIVodlYFITVlqVbdtRtEWUTArI/OBJl6inCOYyMx3jPlGmyZNNBdUuKdosYOVI5Jtp24h4xbROSrjsOcJwTBSM2JhYkjIkciREQm1cFjtH1WJrZLeTPAz+99TGXslvmgdpJWkaj2v1iVFjuzY2K9FILuUnaMj+YRo7HfSVMFsk/EPZPyjF2FWNIUMiActC49DFlCSn2T8uUbYvkSh0RPCpG7Ul6+IiM7+en6Rl7DeypZbIbDVJ4bD9VjQ2S8ETKZK2H0Oseli+RCf9nHPHKJKUxyJChsuX1lDTG5mMaOER1Smz5/PZHWgAjIiKZK2RORCaGBUStqH9fr6rnF1EoYX74YLOFZxDarT1YJZx395G9q93fEtlJFgSU7YURJtSGzT3kAxyFf7A18KOxxoxA5D5aSaCL8i63SFFQ7qwRst2JBxEJ7sjGM80UaxxSZm1pIhkaa13cCnCkNqDo++BouWYQ/Z5w454tcilikugXCmzUoSVrLJSCSdw89KakgQRn2RKA5fKpLt3CPOelV9dYvqkHsJNWyUoeYT4lzsicudKPHZWPE3LkqXteSp8wrVQZJT8KdBx1J1JiG6rrmWqaJUs4RQzFs+FB2aYixZ3yJYs0VLLLmTZiZUpOJazR6ADVavwh/EAVIjWXhaEWOUbHZz2zWfN95zmHHvEM+wMBo3n/s7Bl/3mhKBY7NSSiiyPfI90HVL5n3j3vnFKhq1tGevW9ComVLO5Sh/wAU798LsBX1e5JMqUdy1jT8KTt3w7o1ZPvUEUDqFPyHujQ3B0Gw2SZPtKSFYSUyy4wuqhWxBx19nTWvZHLvsiZRDOzk6HNLfWcXFEtnZ6VBde0yRUUOew/PugpZkJKEuWU35TufXmGilNLqJGyC8lAKEggGgz84NQTKU6yniOR55HwiquSf0ND4wXMnYe5VfHPxMRTA9Fopm47Qfk44sIWpVgZaO48jHMZG8ePyPhBM2cKFC431Hcf6xUm2Zs6cajnp3wraCkytMQlaVJBbEC+2tDnAabcykpYDEHemfLnBa0pb2vo7ohRbineNhz5/OLUyHEfcOLqU1dioEHcT3gxcmSkn8J2HI8DEci2JVkWOw0r6xYUoHP8ASG4qXQKTQLm0UUkZN4wkKKcsth9NkTTkNMpkQKHc+ukSXVdUyb2fZYOSrZk4GuUTHHNukNyjXIRui9yVJlqLuWrmO/WDykxWsVyypVWxK+JVSOAyHnFwiPXwxnGNTZwZHFv+JCaRzDsiUiGFMbEDITQ4745ABwxBa1Sgn75hLJCVKIOFIVR1H3c6HbFiBt4ykqUEzUjCohKVBRxYi5YhmCaNUlyRTWJyXrwVDspXdKJlpKWAyDLAFCRTCG0z1zzhQNtuOUsy5XaQGKSMmWAumFTN2mpCjjUuDdxdnrYTEiZJCg4bKsNS8SpBQQddkW2ZI0YUyXZ6bG8niORb0qVhq/AwKNvUzBLby/rERtq69pn2PHKsL8nS8qNGoiEFDSM4bYs1fhX5xTvvpAbPIUontGg2knZv8mJ0iJYXFWyllTdAn9o/SRvuJR7RdyNBkT5gd50EeZsSQlIJJIAAzJNABEtstJWpUxZqak6D5ACnARoLksgskv7VPSDOWCJEs+4k++oaFmfY+Gjl8OzTot2VIu+SwY2uaHUoVEtOjPsqz5lydkZ2bM7ztzJO07TDrVaSpRWokqUXJOpjM3teKlK6mVUqIS6XKnJbCkDMuwpthdjGX5eiierlE/CSA5JLDCnfpTbG/wCgvQlMgC02lgpIcA5SgNSfj3+7+b2H9DOiEuyyxarUwmJDh6iU+xs5mjjLJNaxy/b7VPOEAplDJG1sitvAZDjD4SDsn6RdIDOHUyXTJGZyK2y/Kl6tmddkAA41fj8xCUqKNmvETJikJDhIfEDQlwCPGJ2Y6Rf67aG8RFmTa1DJTjfUc4GqnsWrEoRrk+uUXGZDiGJd4j3gRvFR84tS5gVkQeEZ7Eoavx+Yjonalwdo+Yi9kxU0HpklJzFdooeYhhlkfibbQ/I+ED5NuUNQob/mIty7wSc+yd+XOCkwsG3tKSxoU9obhVPJ6aRjUWtSaKD70/LPk8egXjMGAlwzgvpkYwCrESpWEsHUcs82oYWg9i5Zp4WKF9O/ZBKRPWnVxsNfGKPR6UjFME1ndJBIIYsRnpzg1NsJzSfrcYh2iuGNTaEKzGE7/Qwdua2JSoBRbskOcvaJz0z8IytoOEgKGeUKVOI9k02HL9I1xZ3B2ZzxKSPSTWoiMiMVYr6UjIlO41Qe7SNhYZ/WS0rp2hplm3pHp4c8cnXZx5MbgPIhpESERwpjczIimG4YmaHBIgAhlSnNIbbrGFoKTTV9jajhFlSho/HWJpEwA9oYuMRK6KRlbDKnCWkIXIwgMOsSorDUwqKVAFsqDSFFW3WdQmLCCcONTM4GZowUMsn1jsee8b9HZsengb46TtrEi5BfKHFIGYjfZHNTI1OovSOCSYdiESImDfCt+A4IFnACo0AjzHpHe/2iYVP2E0T6q7/Lvg909v8Af+7yzT3zu2d/lxjK3Ld3XqUVnDJl1mq3ZhAPxGjtUA7SI482RydI6cUFFWXrgsCG+2T/APCQfu0U+9maEbgRTvOQrDeVvVNWZizU6aAaJG4RLe95dYQwwy0DDLQMkp4DUsPLSMpeNsXMWJMh1LUcLJDlyRQb8+EY98I2GXreC1rEiSCVKIT2XKsRLYUgaxv+inRaVYZYtNqbrQGGuB/dl/EsihVxAo5Vzo70dk3dKE60MuepJSAKs+aJb8e0rXhnQvW81zl41nKiUj2UjYPU6wN0LssXze656nNED2UaDedqt/LeItFoSkFSiABmTFK8L1RKFS50SMyeEZm3Wxc11LNA7J0HzO+Jq+yi3eV7qmnCh0yzR8ir5CCnRGV217kDxV+kAJEoqKUpDnQCpy2RtOj1hMsqxBlFIcd5pFJcCbHTJfaV3QalyAUJp7o8oFzfaV3eUG5Xsp4Dyg1FZQm2EaUipNsihvg0RDCmFqyrM6uW2YI35eMcExQ38fmIPLkgxUm2BJ3QW0KkwcJ6WINHzeoPHTnDDY0GqaPsNOLfJofbLKUAnMAP4tAY25iWLEZt6xcchLgErBY1ImLJYpUkAbXG0fJ4vqs6dAAd1PCA0q9VD2gFDkflF6ReCDrh3KoPlF7Jk00cvJBwp1GIb/A/PuiKw3UuashJAACSXcgOSKAV0zyi3aE4ksNzaikTXSGWSo6JOdHSSxbdieuyKhji5ckym0uAtd1wSEMZgKztV7HIU5vB1ADDCzaNlE86ypNWY7RSu/Q98U12VQNDT8NC/A0j1IwUFUUcTk5dslwxwiIE2k1xDLXI8cJ0iaXMCsj84qxHCIa0S4Y4UwxEcdeHNHQiAZUmWOWouqWgk5kpSTzIhRbYQoBm1ti06MfOKnWAhortDgI4VBJGzm2xuGBfSS9RZ5ROa1USN+3h9bIKWiclCCtRYJDkx5Vfl5rtM6gJKjhloGe7vOZ2cBEZsmqpdjxQt2Nu2wrtE3PMlSlHTaoxavK1oCEyJNJMvXVatVqOu7nwlvK0pkS/s8suW++UKuR7g2ga8tsZK8LTMmKEizgqmqIACdH40FKucgHMcb9I617G3hbFzF/Z5KSqYqjDPLIb9+QAJMbno7c0q65ImTWmWpYNBo/upfJO1WZ8Ijui7JV2y3U0y1rSHOiR5hL96jnkMIm3W0qUVrU5NST9UEJuuA7Jbxt65qyuYXJ5AbEjQRm7zvsJ7MvtK8E8flFO33yVqKJbgaq1Iduzs4xQTZyZpSkOXYAZk0yhKI7IJrqmAqLk5mDdy9HZ9p/w0HA4CllglKSoAqJLCjv3NmwOg6L9A5hndZa0YUJylv21FhVTOEJ4uT8LF430+0ybMhKSyUgdhCR3dlOe7ESd5aNKS7Jszk7o/JsctBQCpZLGYqhNNEtQceQ1ry1JxKU57QArXJ9e/ZEl73sqeQGCUpLgZnio+g8YH4ju8oX2eA1ZMtBJJDF8mNeWcGEZDgIAibtHr5RIid8Km4H0hpoXIahQLTbFjUHj+kSJvHak91YfAWX440V0W1B95uNPOJsUFDsr21DpV+XyIjzy+ZDTlliKio4DZHolrVQ/lV6RjLwTjUojUa7hs7oSihNgqwKUqYlAL4nzzcAkB+6DpsSgMuMVBZwJ0pWxfN6RpCtOtdata:image/jpeg;base64,/9j/4AAQSkZJRgABAQAAAQABAAD/2wCEAAkGBxMTEhUSEhIWFhUWFxgXFxcWGBcXFxgVGBgYGBoXFhgZHSggGBolHRYYITEhJSkrLi4uFx8zODMtNygtLisBCgoKDg0OGhAQGy0lHSUtLS0tLS0tLS0tLS0tLS0tLS0tLS0tLS0tLS0tLS0tLS0tLS0tLS0tLS0tLS0tLS0tLf/AABEIALcBEwMBIgACEQEDEQH/xAAcAAABBQEBAQAAAAAAAAAAAAAFAAIDBAYBBwj/xABFEAABAgMFBAcFBQUIAgMAAAABAhEAAyEEBRIxQVFhcZEGEyKBobHBMkJS0fAUI2Jy4QeCktLxFSQzQ1OissJE4jSTw//EABkBAAMBAQEAAAAAAAAAAAAAAAABAgMEBf/EACcRAAICAgICAgICAwEAAAAAAAABAhEDEiExQVEEEzJhInFSkbEU/9oADAMBAAIRAxEAPwDdGEIcRHGj1zzTpEMMSJji0wgI45Do5FCOGGTJYUGUARsIccjD4TQAVhZPgURuPaT4lwOBAgX0qvhUlBsyR21AdatNSEFj1eQIKhmGoCA5eCt6XkLNL6yhWaS0nVW0/hTQnuGseezZpUSpRJUSSScyTUkxwfJy29UdeDHS2ZFjSoOD35Hh+kaXodceL++2ggSJfaQF0xMHx7D+EU0V8Li7g6OC2zD1gAs8usxRpiIrgB2DNR7tSU3ek98GcRKkqeRLPZcAFavjJSGYPQNvOjclUdA3pP0lVa5gDFEpFJUs03YiNVEbMhTaSJYERAZlGUG45c8oHyrTinplyldmoVR0uASw4NwgGFgCMj3Goh6J5Gbg7Rl9cYqzZikqYp0dw5/URclpdIVodlYFITVlqVbdtRtEWUTArI/OBJl6inCOYyMx3jPlGmyZNNBdUuKdosYOVI5Jtp24h4xbROSrjsOcJwTBSM2JhYkjIkciREQm1cFjtH1WJrZLeTPAz+99TGXslvmgdpJWkaj2v1iVFjuzY2K9FILuUnaMj+YRo7HfSVMFsk/EPZPyjF2FWNIUMiActC49DFlCSn2T8uUbYvkSh0RPCpG7Ul6+IiM7+en6Rl7DeypZbIbDVJ4bD9VjQ2S8ETKZK2H0Oseli+RCf9nHPHKJKUxyJChsuX1lDTG5mMaOER1Smz5/PZHWgAjIiKZK2RORCaGBUStqH9fr6rnF1EoYX74YLOFZxDarT1YJZx395G9q93fEtlJFgSU7YURJtSGzT3kAxyFf7A18KOxxoxA5D5aSaCL8i63SFFQ7qwRst2JBxEJ7sjGM80UaxxSZm1pIhkaa13cCnCkNqDo++BouWYQ/Z5w454tcilikugXCmzUoSVrLJSCSdw89KakgQRn2RKA5fKpLt3CPOelV9dYvqkHsJNWyUoeYT4lzsicudKPHZWPE3LkqXteSp8wrVQZJT8KdBx1J1JiG6rrmWqaJUs4RQzFs+FB2aYixZ3yJYs0VLLLmTZiZUpOJazR6ADVavwh/EAVIjWXhaEWOUbHZz2zWfN95zmHHvEM+wMBo3n/s7Bl/3mhKBY7NSSiiyPfI90HVL5n3j3vnFKhq1tGevW9ComVLO5Sh/wAU798LsBX1e5JMqUdy1jT8KTt3w7o1ZPvUEUDqFPyHujQ3B0Gw2SZPtKSFYSUyy4wuqhWxBx19nTWvZHLvsiZRDOzk6HNLfWcXFEtnZ6VBde0yRUUOew/PugpZkJKEuWU35TufXmGilNLqJGyC8lAKEggGgz84NQTKU6yniOR55HwiquSf0ND4wXMnYe5VfHPxMRTA9Fopm47Qfk44sIWpVgZaO48jHMZG8ePyPhBM2cKFC431Hcf6xUm2Zs6cajnp3wraCkytMQlaVJBbEC+2tDnAabcykpYDEHemfLnBa0pb2vo7ohRbineNhz5/OLUyHEfcOLqU1dioEHcT3gxcmSkn8J2HI8DEci2JVkWOw0r6xYUoHP8ASG4qXQKTQLm0UUkZN4wkKKcsth9NkTTkNMpkQKHc+ukSXVdUyb2fZYOSrZk4GuUTHHNukNyjXIRui9yVJlqLuWrmO/WDykxWsVyypVWxK+JVSOAyHnFwiPXwxnGNTZwZHFv+JCaRzDsiUiGFMbEDITQ4745ABwxBa1Sgn75hLJCVKIOFIVR1H3c6HbFiBt4ykqUEzUjCohKVBRxYi5YhmCaNUlyRTWJyXrwVDspXdKJlpKWAyDLAFCRTCG0z1zzhQNtuOUsy5XaQGKSMmWAumFTN2mpCjjUuDdxdnrYTEiZJCg4bKsNS8SpBQQddkW2ZI0YUyXZ6bG8niORb0qVhq/AwKNvUzBLby/rERtq69pn2PHKsL8nS8qNGoiEFDSM4bYs1fhX5xTvvpAbPIUontGg2knZv8mJ0iJYXFWyllTdAn9o/SRvuJR7RdyNBkT5gd50EeZsSQlIJJIAAzJNABEtstJWpUxZqak6D5ACnARoLksgskv7VPSDOWCJEs+4k++oaFmfY+Gjl8OzTot2VIu+SwY2uaHUoVEtOjPsqz5lydkZ2bM7ztzJO07TDrVaSpRWokqUXJOpjM3teKlK6mVUqIS6XKnJbCkDMuwpthdjGX5eiierlE/CSA5JLDCnfpTbG/wCgvQlMgC02lgpIcA5SgNSfj3+7+b2H9DOiEuyyxarUwmJDh6iU+xs5mjjLJNaxy/b7VPOEAplDJG1sitvAZDjD4SDsn6RdIDOHUyXTJGZyK2y/Kl6tmddkAA41fj8xCUqKNmvETJikJDhIfEDQlwCPGJ2Y6Rf67aG8RFmTa1DJTjfUc4GqnsWrEoRrk+uUXGZDiGJd4j3gRvFR84tS5gVkQeEZ7Eoavx+Yjonalwdo+Yi9kxU0HpklJzFdooeYhhlkfibbQ/I+ED5NuUNQob/mIty7wSc+yd+XOCkwsG3tKSxoU9obhVPJ6aRjUWtSaKD70/LPk8egXjMGAlwzgvpkYwCrESpWEsHUcs82oYWg9i5Zp4WKF9O/ZBKRPWnVxsNfGKPR6UjFME1ndJBIIYsRnpzg1NsJzSfrcYh2iuGNTaEKzGE7/Qwdua2JSoBRbskOcvaJz0z8IytoOEgKGeUKVOI9k02HL9I1xZ3B2ZzxKSPSTWoiMiMVYr6UjIlO41Qe7SNhYZ/WS0rp2hplm3pHp4c8cnXZx5MbgPIhpESERwpjczIimG4YmaHBIgAhlSnNIbbrGFoKTTV9jajhFlSho/HWJpEwA9oYuMRK6KRlbDKnCWkIXIwgMOsSorDUwqKVAFsqDSFFW3WdQmLCCcONTM4GZowUMsn1jsee8b9HZsengb46TtrEi5BfKHFIGYjfZHNTI1OovSOCSYdiESImDfCt+A4IFnACo0AjzHpHe/2iYVP2E0T6q7/Lvg909v8Af+7yzT3zu2d/lxjK3Ld3XqUVnDJl1mq3ZhAPxGjtUA7SI482RydI6cUFFWXrgsCG+2T/APCQfu0U+9maEbgRTvOQrDeVvVNWZizU6aAaJG4RLe95dYQwwy0DDLQMkp4DUsPLSMpeNsXMWJMh1LUcLJDlyRQb8+EY98I2GXreC1rEiSCVKIT2XKsRLYUgaxv+inRaVYZYtNqbrQGGuB/dl/EsihVxAo5Vzo70dk3dKE60MuepJSAKs+aJb8e0rXhnQvW81zl41nKiUj2UjYPU6wN0LssXze656nNED2UaDedqt/LeItFoSkFSiABmTFK8L1RKFS50SMyeEZm3Wxc11LNA7J0HzO+Jq+yi3eV7qmnCh0yzR8ir5CCnRGV217kDxV+kAJEoqKUpDnQCpy2RtOj1hMsqxBlFIcd5pFJcCbHTJfaV3QalyAUJp7o8oFzfaV3eUG5Xsp4Dyg1FZQm2EaUipNsihvg0RDCmFqyrM6uW2YI35eMcExQ38fmIPLkgxUm2BJ3QW0KkwcJ6WINHzeoPHTnDDY0GqaPsNOLfJofbLKUAnMAP4tAY25iWLEZt6xcchLgErBY1ImLJYpUkAbXG0fJ4vqs6dAAd1PCA0q9VD2gFDkflF6ReCDrh3KoPlF7Jk00cvJBwp1GIb/A/PuiKw3UuashJAACSXcgOSKAV0zyi3aE4ksNzaikTXSGWSo6JOdHSSxbdieuyKhji5ckym0uAtd1wSEMZgKztV7HIU5vB1ADDCzaNlE86ypNWY7RSu/Q98U12VQNDT8NC/A0j1IwUFUUcTk5dslwxwiIE2k1xDLXI8cJ0iaXMCsj84qxHCIa0S4Y4UwxEcdeHNHQiAZUmWOWouqWgk5kpSTzIhRbYQoBm1ti06MfOKnWAhortDgI4VBJGzm2xuGBfSS9RZ5ROa1USN+3h9bIKWiclCCtRYJDkx5Vfl5rtM6gJKjhloGe7vOZ2cBEZsmqpdjxQt2Nu2wrtE3PMlSlHTaoxavK1oCEyJNJMvXVatVqOu7nwlvK0pkS/s8suW++UKuR7g2ga8tsZK8LTMmKEizgqmqIACdH40FKucgHMcb9I617G3hbFzF/Z5KSqYqjDPLIb9+QAJMbno7c0q65ImTWmWpYNBo/upfJO1WZ8Ijui7JV2y3U0y1rSHOiR5hL96jnkMIm3W0qUVrU5NST9UEJuuA7Jbxt65qyuYXJ5AbEjQRm7zvsJ7MvtK8E8flFO33yVqKJbgaq1Iduzs4xQTZyZpSkOXYAZk0yhKI7IJrqmAqLk5mDdy9HZ9p/w0HA4CllglKSoAqJLCjv3NmwOg6L9A5hndZa0YUJylv21FhVTOEJ4uT8LF430+0ybMhKSyUgdhCR3dlOe7ESd5aNKS7Jszk7o/JsctBQCpZLGYqhNNEtQceQ1ry1JxKU57QArXJ9e/ZEl73sqeQGCUpLgZnio+g8YH4ju8oX2eA1ZMtBJJDF8mNeWcGEZDgIAibtHr5RIid8Km4H0hpoXIahQLTbFjUHj+kSJvHak91YfAWX440V0W1B95uNPOJsUFDsr21DpV+XyIjzy+ZDTlliKio4DZHolrVQ/lV6RjLwTjUojUa7hs7oSihNgqwKUqYlAL4nzzcAkB+6DpsSgMuMVBZwJ0pWxfN6RpCtOtONPHKJlFlJgJK1IyJT5csonReJ94A7xQxfttnCkK3g+UCpN3LmGWmUl1LIAFA/ZJzJYZQlt0DoPWDpLMTRMxx8MyvImvIxp7nvjryUlGFQD5uCHamusZ6xdAZhrOmpTuQMR5lgPGNLddwyrM5lhRLMVKU5bPKiRloI9HAsqf8ujjyvG+uy5MlghiARsNYrzbGCQQcvrPOI71tC0JUoEdkijUYkZ7c9Gghho7aPG8MsZtpeDKUJRqwc8xIqMVeNOIHpD0WpJo7Hf6GLZERTZCVO4z5840IsTRxohNnUn2FdyqjnpHBain/EQU7xVPhDsZPhMdhJmg1BHOFBYGkww4JiacvEXYDhGf6XX2LNJofvFuEjZtV3RwudK2bKNukZvp7foUeoQeymqztOzuz5b4D2SX9mRjV/8iYKA5yZZ13TFDkPGtd8tv71ND1PVJV78wZzFbUJPNXCKiLUqfaUyg65kwlR4ZlRMccpNu/J1xikqJFWSbNGCT7aiwOzUmu4QcsFjl3ajCkiZalgY15hOuu+rZnM6CLVotSLGgy5RBnH2l5hG4b/o7IxV6XuEFiSVqy1JJ1JiXxwilyXbyvMJdcxdSak1JPqYy9tti5qsyEZhPeBXbrFW0LXNIftKUoJSBtJYADe4j0Toz0CLiZahkEtKBrQkkTDppQeEEYA5UZDo10fm2ubMEtglBAWs+ylyW3kljQVj1G4ejsmxpUtxjNVzVMGq/Z+AVzzLDLKO2m9LPZU9VIQklL9lFEpJzxK1J1zJap1jL3jeq5peYp9gySOA9c4bmo9E02aC8+kvuyA34yP+KT5nlGanWgklSiSTmTUnvgLbL8lpoDjOxPqchAS3XhMmZnCkkdlOzeczGfL7NEkg/br8Qjsp7StidOJ0hXFaJk3rCo5FLCjB3plXIZwCu+7Zk0tLS4GZyAfae6NR0cs5SJqS3ZUElsnAIpuh68WK+TmJbncWgiqyGIEJ9r8xjQFEKmOwAqURoe6GGYR+og6qUIhXZhDtipAfrto5Q5NoAyJTzHjF2ZYBsitMu/YYakLU6LUohsQUGau/eIqKsKTVynkocqeccn2RQ3wKXexSWxEHYa+cUpicQjMsSnSQQWUDsLd9PGCb/WnOAMu+zqkHhT5xblXtLObp7n8orZE00XVSxVqcKQ3o/OKJ0k54VpDcThZ6bYam1IVkpJ8D847ISEKChooK7wQfTbDVXYM9Wkz0TJaZgGFw5DuB30gMvpFIMsqQStDlLpYOa0GKrb2aA0i+5a0IkzHRLFVipxszIpkijnblkTFC8rcZq8WgolI0T3a7Y3ed/iv9mSwrthW1XpKnJmJSSFYHwqoaDMbaiNLdCz1Et0k4kJIaulY8lt6mmJMetdGJ6vsctZWhCU4k4lHCKKPvGmUZwlTd+S5K0q8D7ZLWAApLA1D5/pFVEoksA5izb+ldgS3XWhKmzCHU5/Mns+MVbB0+sCiUoPVPQFac97pfxjZfJSVeTJ4G3fgYUQjLLZUg/InJWnFKUhQVmpBCuZGsNs9iwu5DNGn/AKFRH0sCC59iUeAhQY6o6JhRP3sr6kWxGf6YWSy9WZtoRiVhwpZSgdWAY74167OgsEuN+2PO/wBonR61qealaFjElEuX2gQFqCcSqNRyo7gYwlO1wXGFMwN4W2ZOmCTJRimqGGWhPsoSKDcEiDtks8uwy1IlKC7QsffT9h1RL2B9fXKpZRLsUtSUKCpyh99P2/glnRA2wDkzVWtSkIUUy00URRStydg3xh/R0EN7XsyghFVEsS9AfU1itcVwzrXPSEA5Y1rU+EPk5bPYNWOyN5dvRCUyZk8JRLQBQkilXxVpVs60OTxbt3SaXKQJNkSEpSMIURkPwpPmeWsHEexNt8Ifd1xWO70IXMZc4OQoh1lRz6tOSBo/jUwOvfpJMmApT92jYDUj8Stm4U4xl7zv5IUcSitZz1L7yYBWm2TZoU9AAXCXyADknZWIcnIail2GLbe6U0ScStg04nSAk68Jk0sSyToPU5mCXRzo8ZslU9SwiUlQSTqXUhJ3ADFmdkGujdhSizmaiSpSzKWorNEpAlyypirYorDJBL0MVGA3Iyd0XaqcpQS3ZS5J0HrwjUr6LpCpSZYM0iYkzXIAEtjml6AkbzFLoTZErRaFFZBACcKSxUGKjkMVKZNGolSAZiEyJS0oCnWoJwpfN1HXWqo0jqlbM3bYKvC8xIXgGGUkpYKwlTYSXwoS1O1qe4w7o6pxNU74luDk4bMjfnFS/rM9olY0ujtb0lyGqKRfucAJW2WKnIQpSb7GopDpfvfmV5wfMZ2WvP8AMfONATEpDRwmGmOkw0mHQzhhpEOMNhUFkc1GX1oYxV92btBkv2dG2nSNss5cfQxlrxUMQ3PlCaCzNT5GFGIBQy+qRo03Y2udeekUrRKJs5S1cPkf0jQWdQKU1D4R5QqHYHXYFCKiJsxLs4YtQnyjTFIgeiV21jePEQUwtFCXeqxqDxHyiUX0lw6e8F4DolRKmVD5FSLdovZSqhI3OKxVmWqYrNRiRMmJEyIVewsphBdyTBebdqdCRwiEWeCWKg4CK1QWD7MudKUTJmkKTqklKh3iD1j/AGi2uUyZrTB+MV39pNTnq8C1tm2cD7dZyWOw65Mf6eMC4F2eqWb9oMgpBWVhTVCUlQB3EsTyjseVJIb2hzhRpuiNWfSKVln748y6d9MVEFLlMsONhVuG360qSUnp8ZaiJsrEksEBBAKQHFSfaJpsyiDpjPRbkSTOC5MpOMlCm6xeLA2Fj2QyVAk17WmcEuRRVM8ys1ltFumYZaOwlbH4UsAXWdTuHLWNzdFjkXfLwp+9nEupWQCvHCwpStN8C7y6SypKeqlpCBU4Ee0XzKjvPnrGVtt9zJhQxKUmpSmpIZ2J5ZNGd+jSvYev/pGpaiJi8Sk1EtOSe7TPM1jJWu8JkwqBOEDQZ95iOSklSsObJG00wv5RbsN1LXidJdR7ABGJTHROfhCUR2K5LuTMtKJakqKcOJQQCSzOMsg6kh98bC8bvVLslo6qUlPWKnBKEgrmqQbQlKUMnVKUDVWvGFc3Rm0BapqfuVKlolV7LISmU5wYStKiqWC5SNdsaCx9G0JUFrUqYoPmEgVJNQQoqqdqYrhE3YBuW7gmyIlmV94E4llRKiheMkhKQ4QcLOSU74Ny7BOKEgJwylgjtkNgXVYAUpDudAtfBoO9mW6iUS3atEUAp2icXjA6fflnSScZUdcIJJ/eLA84hzSKHybqlICEgulILoCEpQTTRgEsxqJZzzggqrAISAkuHSFkFmoVggfupTGatHSoD2JYG9Z9B84DWvpco064DdL/APVz4xH2DphvpJMV11VKfAM1KOppU5QME07edfOM9aL/AASaKUdqvUkvEUi+VqRiwNUjNRy4DfFKTFqaKmxPIDyif7arYPH5xmpd5zC+Q3VPpFo2qYM0n+E+gilIVBz7efh8f0hf2gNh8PnAE3grVPgR5w03oNQOcVbCjRC3J38ocLYj4h3084zgvIbIRvFOwwWBoVzgWYg10IMZm8ELBJwqzOhiX7cjb4Q9Ful/GB4Qm0wB8+d2CNx8zBaxzAUIP4R5Rz7ck/5gPFXzjomjQp5J+UCQ7HForBXbLHMA8onLbB4+hiIyg7tXcT6vBQrK6LvBJ7SRU5nRzoHMSJsaBnMf8qVH/lhhy0J2qD7x8hESrOPiPeP/AGiGpeCrRKDJGild6UfzRw2xA9mWnvK1eIIHhFS0SyEkg5B8oETLRMYkqNNgTpE1IdoOrvNfuhI4IR5kPFWba5hLvU7a+cCLHaStQqqhDudu6DapUVqKympStp7oi6qLplxzq4pRFZT6kR2LfVwodCsLSre01M0gFSfZcM2dddsK8bcqcarUnayqnc+AkDhASVKchiW4mJjJ3nmYnZsCNN1S9VKyahqavmUZvujR2Do9KngBCUhCRhKjVeJhszLNqOEZqUlWEHEa74Yu0TkpKUzlhLuUhTAltQM8hD2A9Est0WSzjtrDuSXUEvrQA4u4kxMekdkkpwoy2JSEp73YHi0eOqnLL9o667I5Klks5fjX6zhPZjpHp1q6fJylhHis8ks0Arf04ml+0tnZksivdWMtYgyVKBaiojnCgfMqc8hE6N9sdoMWm95pGIBIO8lRq3DbFW3Wqax7Z0yYeVYZNUMnGY8Cj5GFb1ghTF/Z8gIFjSDYgQCUgklRfUk+cOS+Luh8hfZTTw3RIqay3CT7I8zBqDZxFlUrEW+mEH7tlBctCglgcqv7KwPSM+Z6iTnnt3CNXdcvDIljY/ismHqCZVl2fP8AMfODy7PAqV6nzg+qEogmDTZziNKMG41f0isZCsKiUhwVYRtAy5wXMMMVqOwOqyOEugOWemVIiNhDkdXkzHbwg2RDWg1FYCFgBSDhIdqOaQLt1mCCXWwdg4ccMo181DDxgdMSnrFYg49YKaAyCkuCp00dqM9d0SWWzqWEszlvr62wflqRgnBIoCpuTxWuNI6pJbKnKEhsrf2XMGShzPyiCaiak4cRGfvHSNLMs6nIxnkPlA+8kMpJ3mKaomwbYUz5kwy0qWSE4mFaUGw6nZB+RcdoOk3kkeaYhuaemUta3lpVhSApS0oOElTgEqDjsg8oKG+wc7RK/wDtSrwCiYzlJp0ikkyNfR+eUqHVmoOak7NxjOm4bWQR9nIBf2lyk58VwdXfcp2NplP+WZ59W0RLv6UP/J5Im+HYEJSl6HqgLY+idqSSXkJprOT/ANXjVruqQn27UO5BPk8Zi29IgXCZilbHBA3nNzy1iKxW0TmQySp81agl2yNaNA5S9E8GlWiwJ9q0rPBJHmmI1W67k6zVd6P5hALpAjqUiUoJfNLZNtKTQu5puB1LgxMTSCMn5BtI2pvu7v8ASmfxH5woyCQCHAPh6mFD2XsLL0ucBoctKbIsGenYeZ+tsdXdU9Km6oqz9nKj69x5GLKLknqZOBnGZIYPtPeOcP7sdfkiaZTlrAzy7OuXZST5mGLWlsjo/Dsv5qgnYbrWtSsIGEKUnMByHTTmIfb7tWhDmu7uLeYi/shet8hTFKuuxdRiUUGZ1TqZZfHhcggGnaBpugImworlSmu1Q9EeMWpksO1Hcv8A7/mOcWE2VKpa1PkUgMHHaS+36eLsRUTYZeHs7GcgkuXOz8ojpuxKmrvNDn2NnFXhBK7ZaCmo8tAImXIl9eC3+Wr/AHEfyjlC5GD/AOzUqLEnOtDqVDPuH0YfabuTUrJV2QS1BRJ13FAgqbOnG2jYu/E/pHbxQBLXSuA+bf8AaCxAmXdCaJxFgEnL4iQdYuJ6PSinEqYrGxywt2SW7Of9YKJkDP6oXiwi7lKSVgApSS5dIIeuRLwhmItF34clPm7g6cH0EGbqmvLSHPZOeQNTRjX+kV75ZiQd4amn6ReumUnqkEgE1qan2jAxo5K9T5weUYz0teXH1g6pcCEdJhhMNKoaVQwHqVEFpRiQpO0EVyqN0dKobiil3YmRyEFKCFEaszsA1BUCILUp1MM/mAYntExkqOwHygVOmlZDEoJANGcUHdCk7dguFRVlqwpngsCSQH0cDziTo6v7gjaT5wl3aC+Jai+b6xNYbMJQwpJIfVtYSRTZeVNfSKF4GiTvEW5ywTQYRsd4pW5Qw56iH4skE9IB2geOXEH1gWpXOCF7THwjj4t8oEv9fXGIb9FUwhZrSA7hJrQsDRsq74nmWpgWCdG7Ke/SBCFVYRenSvu6qAINKFy/pCtgVpVmMyYEJYFW0sIt3PKCSpaieyA2Hi2sV5aaIU4BB9aH63ReQgBZeYkIUQDV1YXrRI2PAv2FWS9Kp/WKQtm7Io4qGABp+U84DTrKtIfCWdu/ZFifMJIBYh+/Mt4NEtqtSVoSlSTiSAl0lgWycQNegoksl3qKATiG5jt/MIUEJPSjCkJErIN7X6QoL/QV+zbYMQcbP+hJ8VxOiTXvOv4j6IjzJF6zmIEwgEMwJAanyEG7v6SkDBMJHZbEAFVYhyKUrk8ec/hT8MakaTo0kGSFn3lKXzc+Y8IJlQG79G/lgN0fCerCJc0LSB7pCS5d3QpBI9o6wYEh6HrQ+uGU2uxT67IeT40pTcrKXR0scwDTUA6Ef9YbMlSmbq0s+WENmru1ESi79q18kDbsO8845Nu6jAlzq5Db6Ejwilgl/kVYPkWeWUuU+0pWjO6lNlwHKOTLBIOaAfEsaZ55KPjF+XdDZKSKu2KaQOFPp4eLsOqkH+P1TuHKLeKTf5E0DE2SUBQYSe7MEekUr0lsk19ohI4qILf7Y0P9nIGZl97eoEOVYJagxEpQ/KnSvpFY4Ti72FqZ4pmhwUnVizitRkd8TyrUAACwPaVnVghQFOLwcslhlqSFJShiNcIPImkTou9I0SeJRG2z8go0eV3zaX7NKuPH9YvWa9EolpSTUA7Npj0sWZI/y09zehirNuezq9qzIVxCj60ilMNTzmzW0dmoz274OrvKX/qJ7i/lBe09GbKpaQLOzvRClh+AxRUndBpJ9nrU8RibwEUpInVg1V6y/iJ4JUfIQw3sj8f8C/URJP6DK9yak/mBT84pK6H2ge4lQ/CtNd3aaK2XsVMtyLWZhwy5a1nNgBltqQwiRaJ4/wDGmd6pI/8A0gtc8jqUFS0hKxJTLZ3ZlTCQKn4hFC9rTimEAhsIHN4zeR3SLUOOSFdnmkMRLDjJU0A/7UkeMUJt3KKn6+zpYD/MxZd0IlIAqNnpFCdu38ojaXseqLvVID47Yj91ClVhsqbIQoKNqWti+FMogU3qMDp1nOyHfZaPuHMZwcvt/wDApE1ptEglwqeBsZHqTFdVokf6c5X5pqU/8UQ1dkYO/l9aRxElPxVrSGvQiC1zJR9mUU8ZhV5iKjD4fOCUxCQPi/rrFdMxj7I7oqwKM2VsEdlpOUTqJLsWHH62REDvhiEuWTEa5bRItT7YYU7odMBrDbCYQ9MrdFgWJWvZH4jh8DU90UosWyKR4QoufZ0/GOSo7D1YtiMWlX4TxSg+kPFoPwo/gT6CFCgAtS1qBBCUAjIjGD3EKEH7L0tnyQ01CJiWoHWFjfixNzB7oUKG0CYeua9kKAJxBU15iUv7pWuhOEwZTaUn3VD94ZbuzChRg0aIn7H4h3g+ghYUfEr+EfzQoUSBwlOhJ4hvUxBbZuGUs7EqPIGFCgAVkSAhIOY+ZiUrhQoBjcZ3RwqhQoAIFk9YngYn5QoUACwPHSoCFChAAOkNpCELUQSAwp+J2Jc7R4xj0WsYwSeNKx2FBQNlgrSa1zJ8t8NUl0lQHlkKnWOwoEIrKnE0okbQ58IfKnNmX0yyGrQoUWkIhtigpTgne1NYrzZmrACFCiqENlhSiydaAD9TBizdErVMrhSkbVLDckvHIUD4BBSz9A/9Sf3IT6qPpBaT+zRCk48U3D8RVLblhJ8IUKJt2OhiugtjTnPnKOxAS3NSR5REeiNmHsmZ++pKj4JA8IUKK2YqRGvosjSbMTwCBzwpDxVX0Ql6TlfwiFCg2YaolT0BUa9eBuKS/gY5ChQtpex6o//Z",,
https://www.kango-roo.com/career/img/client/5800/640_main.jpg?80dab4590ca9ea3ca9ffc90017f02083,,
https://lh5.googleusercontent.com/p/AF1QipMLi1scDKabo74t7_PnwxzLeTUnszp_iT399LtF=w427-h240-k-no,,
https://www.mrso.jp/Commons/getImage/24257,,
https://www.takedahp.or.jp/koseikai/files/img/common/ogp.png,,
https://upload.wikimedia.org/wikipedia/commons/d/d9/Japanese_Red_Cross_Society_Kyoto_Daiichi_Hospital.JPG,,
